[2026-01-23 19:55:18.613] [info]  (main)         AppID generated {
  id: 'eb02b085-4f55-4f62-b198-302ecfdf133e',
  hash: '570e79db294c0b65fc11e6eea4f55441057cd0fd99591d80a2e530f30f7d5e96',
  distribution: 0.34006463623636324
}
[2026-01-23 19:55:18.621] [info]  (settings)     Settings not found, using default settings
[2026-01-23 19:55:18.652] [info]  (main)         App start is mac: false is windows: false islinux: true issnap: false snaprevision:  version: 1.12.0 osversion: 6.18.5-arch1-1 params [ '/usr/lib/electron37/electron', '/usr/share/proton-mail/app.asar' ]
[2026-01-23 19:55:18.655] [info]  (main)         Build info: {"appVersion":"1.12.0"}
[2026-01-23 19:55:18.656] [info]  (main)         Desktop features: inapppayments:true, themeselection:true, earlyaccess:true, multiaccount:true, latestversioncheck:true, installsource:true, mailtotelemetry:false, mailtoupdate:true, esuserchoice:true, fulltheme:true, storeversion:true, heartbeatmetrics:true, statstelemetry:true, restrictedthemeselection:true, clearappmodal:true, snapsupport:true, bugreportlogattachments:true, printdialog:true
[2026-01-23 19:55:18.674] [info]  (main)         Enable check default mail to app
[2026-01-23 19:55:18.675] [info]  (protocol)     Requested to check if app default mailto. Current status: true
[2026-01-23 19:55:18.679] [debug] (protocol)     Storing default protocols: {
  mailto: {
    shouldBeDefault: true,
    wasDefaultInPast: false,
    lastReport: { wasDefault: false, timestamp: 0 },
    canUpdateDefault: true
  }
}
[2026-01-23 19:55:18.880] [debug] (protocol)     Checking default mailto
[2026-01-23 19:55:18.936] [info]  (protocol)     App default mailto client status {
  isDefault: false,
  wasChecked: true,
  shouldBeDefault: true,
  wasDefaultInPast: false,
  canUpdateDefault: true,
  lastReport: { wasDefault: false, timestamp: 0 }
}
[2026-01-23 19:55:18.938] [info]  (update)       Initialization of update checks.
[2026-01-23 19:55:18.939] [info]  (update)       Checking for new valid version.
[2026-01-23 19:55:19.029] [info]  (main)         Creating views
[2026-01-23 19:55:19.035] [info]  (main)         Skipping heartbeat, listener is not ready
[2026-01-23 19:55:19.041] [info]  (flag-manager) Feature flags loaded from cache {
  lastUpdated: '1970-01-01T00:00:00.000Z',
  flags: {
    InboxDesktopAppVersionExtensionDisabled: false,
    InboxDesktopElectronAndOsVersionUpdateConstraintsDisabled: false,
    'inda-test-flag-1': false,
    'inda-test-flag-2': false
  }
}
[2026-01-23 19:55:19.042] [debug] (flag-manager) Checking flags
[2026-01-23 19:55:19.042] [info]  (flag-manager) Feature flag periodic check started { intervalMS: 60000 }
[2026-01-23 19:55:19.147] [info]  (mail)         loadURL from  to https://mail.proton.me/
[2026-01-23 19:55:19.878] [info]  (mail)         did-navigate https://mail.proton.me/
[2026-01-23 19:55:19.879] [debug] (mail)         did-navigate set zoom factor to 1
[2026-01-23 19:55:19.888] [info]  (update)       Skipping update: no newer version available. local: {"Version":"1.12.0","RolloutProportion":0.3203422966256454,"CategoryName":"Stable"} remote: {"CategoryName":"Stable","Version":"1.11.0","ReleaseDate":"2025-11-28","File":[{"Identifier":".deb (Ubuntu/Debian)","Url":"https://proton.me/download/mail/linux/1.11.0/ProtonMail-desktop-beta.deb","Sha512CheckSum":"0f9a8996d1b58ed3e9b2236d610a4a4aae912cec10a39c7e9cd59ee2d0addbba7da931b2691c764f23a44566204c86651e07e3cc1b1730e78dd788dc0cf2c306"},{"Identifier":".rpm (Fedora/RHEL)","Url":"https://proton.me/download/mail/linux/1.11.0/ProtonMail-desktop-beta.rpm","Sha512CheckSum":"8e02ad7e2a02d0bd49a112e93b404154ff16bddcfbac27979d9dfbcf0660a28481f2656ff93d031215dc2a5cdd6fb060abfad8f13cc00a41bb3db4d22ccf7fc8"}],"ReleaseNotes":[],"RolloutProportion":1,"ManualUpdate":["0.9.0"],"MinimumAppVersion":"1.0.0"}
[2026-01-23 19:55:19.889] [info]  (update)       Skipping update: no newer version available. local: {"Version":"1.12.0","RolloutProportion":0.3203422966256454,"CategoryName":"Stable"} remote: {"CategoryName":"Stable","Version":"1.10.1","ReleaseDate":"2025-11-07","File":[{"Identifier":".deb (Ubuntu/Debian)","Url":"https://proton.me/download/mail/linux/1.10.1/ProtonMail-desktop-beta.deb","Sha512CheckSum":"405ad9659153fdd5c426b4601a1f20138e5f4eacdf58524a2cefc0612d89fefd37265457bdef6b7da7bb223d7c17124e100703857c985b792d2528a7916f18a1"},{"Identifier":".rpm (Fedora/RHEL)","Url":"https://proton.me/download/mail/linux/1.10.1/ProtonMail-desktop-beta.rpm","Sha512CheckSum":"863ea787f9e2a1acf50a7264d550c404fe86395f23323e50461f9db4e92103dce234a6902441b587ef1c59071387920afa1a1063fc691e7468420d3360856c52"}],"ReleaseNotes":[],"RolloutProportion":1,"ManualUpdate":["0.9.0"]}
[2026-01-23 19:55:19.890] [info]  (update)       Skipping update: no newer version available. local: {"Version":"1.12.0","RolloutProportion":0.3203422966256454,"CategoryName":"Stable"} remote: {"CategoryName":"Stable","Version":"1.9.1","ReleaseDate":"2025-09-24","File":[{"Identifier":".deb (Ubuntu/Debian)","Url":"https://proton.me/download/mail/linux/1.9.1/ProtonMail-desktop-beta.deb","Sha512CheckSum":"8f78db0707e3f1f0cd8ad259891840f88027c56b347c7526e8283576a997cef543c8014569aaf774f444e0d714bcd6e54a5c48171553384368c38cec4cf94e5b"},{"Identifier":".rpm (Fedora/RHEL)","Url":"https://proton.me/download/mail/linux/1.9.1/ProtonMail-desktop-beta.rpm","Sha512CheckSum":"3733868fe4d9b704bfe232589c0e7959cf1d9b2ed2a715785a3f858201bb896aa7d20ac2823f1060b85f2eaed833778b3b1458f872bebd48e85f8b2375a90af4"}],"ReleaseNotes":[],"RolloutProportion":1,"ManualUpdate":["0.9.0"]}
[2026-01-23 19:55:19.891] [info]  (update)       Skipping update: no newer version available. local: {"Version":"1.12.0","RolloutProportion":0.3203422966256454,"CategoryName":"Stable"} remote: {"CategoryName":"Stable","Version":"1.9.0","ReleaseDate":"2025-08-05","File":[{"Identifier":".deb (Ubuntu/Debian)","Url":"https://proton.me/download/mail/linux/1.9.0/ProtonMail-desktop-beta.deb","Sha512CheckSum":"b43abcf864e6296d112231cf262c8c4cac82f4b1c54cb5ba06ebb63bf032a150fd5d97d4343b9037a9694e86cb2d26d8ed1d7741668a0a3e7e123fa9cc847c75"},{"Identifier":".rpm (Fedora/RHEL)","Url":"https://proton.me/download/mail/linux/1.9.0/ProtonMail-desktop-beta.rpm","Sha512CheckSum":"760d3b6aafbd314d1256e8bed9da345fe4aab89ba6cf996b9fa547d607031d26dd7d389ed30af922ce9a3951236f19ec35a837df25ee43bd54f6e1670010b5c3"}],"ReleaseNotes":[],"RolloutProportion":0.1,"ManualUpdate":["0.9.0"]}
[2026-01-23 19:55:19.892] [info]  (update)       Skipping update: no newer version available. local: {"Version":"1.12.0","RolloutProportion":0.3203422966256454,"CategoryName":"Stable"} remote: {"CategoryName":"Stable","Version":"1.8.1","ReleaseDate":"2025-07-17","File":[{"Identifier":".deb (Ubuntu/Debian)","Url":"https://proton.me/download/mail/linux/1.8.1/ProtonMail-desktop-beta.deb","Sha512CheckSum":"31635456313c2fb4d41172eeaffe779484cb690fcd70cab56ded52064017bef227ea25ed98d9fc7f602200b97b04532b344c35081dfb3a847720f510101b8939"},{"Identifier":".rpm (Fedora/RHEL)","Url":"https://proton.me/download/mail/linux/1.8.1/ProtonMail-desktop-beta.rpm","Sha512CheckSum":"674f79bf272debd27e8aa7d6c7dcc4891d8bbdeb911462b9f63939e0571e681341d017561ed4f22b02d1c73c29bcda5c9c59293802e858cbea7423f2038f580a"}],"ReleaseNotes":[],"RolloutProportion":1,"ManualUpdate":["0.9.0"]}
[2026-01-23 19:55:19.893] [info]  (update)       Skipping update: no newer version available. local: {"Version":"1.12.0","RolloutProportion":0.3203422966256454,"CategoryName":"Stable"} remote: {"CategoryName":"Stable","Version":"1.8.0","ReleaseDate":"2025-03-06","File":[{"Identifier":".deb (Ubuntu/Debian)","Url":"https://proton.me/download/mail/linux/1.8.0/ProtonMail-desktop-beta.deb","Sha512CheckSum":"3267112cc06dc001ac59531abd84bd89a0c44ff0314ad53db2f5eb32de8f2f482ab02241a20682c08ace6cb65c13a74bb12cb77777889e240c3ed6bc64055112"},{"Identifier":".rpm (Fedore/RHEL)","Url":"https://proton.me/download/mail/linux/1.8.0/ProtonMail-desktop-beta.rpm","Sha512CheckSum":"dc869195ccdc23aec3420e042a926151da3dd3c57e3b357665335d3c8c30f14617b69c0020ea040111d04c77e59b2cd4961256882955de44403c4e06a2b0b894"}],"ReleaseNotes":[],"RolloutProportion":1,"ManualUpdate":["0.9.0"]}
[2026-01-23 19:55:19.893] [info]  (update)       Skipping update: no newer version available. local: {"Version":"1.12.0","RolloutProportion":0.3203422966256454,"CategoryName":"Stable"} remote: {"CategoryName":"Stable","Version":"1.7.1","ReleaseDate":"2025-02-27","File":[{"Identifier":".deb (Ubuntu/Debian)","Url":"https://proton.me/download/mail/linux/1.7.1/ProtonMail-desktop-beta.deb","Sha512CheckSum":"42051de5e8045c190752f248fa84263f594b0e9a4e553f8c1ac989a513d2ad521c46632de424f0bbebce1ecd9bbb7c136c3da40bd8feae1819957e5c463616fb"},{"Identifier":".rpm (Fedore/RHEL)","Url":"https://proton.me/download/mail/linux/1.7.1/ProtonMail-desktop-beta.rpm","Sha512CheckSum":"49f26a2964af98287e38c69ae43ebd5e832b34098d853cc13f8f68c372f755a3210141d3230a8b4a6406447898a5a17f3c832f37bdd9ad3f9ef4171862b08bfe"}],"ReleaseNotes":[],"RolloutProportion":1,"ManualUpdate":["0.9.0"]}
[2026-01-23 19:55:19.894] [info]  (update)       Skipping update: no newer version available. local: {"Version":"1.12.0","RolloutProportion":0.3203422966256454,"CategoryName":"Stable"} remote: {"CategoryName":"Stable","Version":"1.6.1","ReleaseDate":"2024-12-12","File":[{"Identifier":".deb (Ubuntu/Debian)","Url":"https://proton.me/download/mail/linux/1.6.1/ProtonMail-desktop-beta.deb","Sha512CheckSum":"fde65a33be182907cc104a5875f2ed2a2fee9621f35d36208ff8e13f7a0118d4a3cdf430308880613096e4e21461a559cd9433f566360eb0f565e14cacf18bc5"},{"Identifier":".rpm (Fedore/RHEL)","Url":"https://proton.me/download/mail/linux/1.6.1/ProtonMail-desktop-beta.rpm","Sha512CheckSum":"8ed5b419dd4f6c3a3a275bffb77a8847cd3c049bdcfc18878b982223fd484ddfa242972cc6a73fb72bbddb08874d8a15d0c16bd63a9e121c724eedf052288fbb"}],"ReleaseNotes":[],"RolloutProportion":1,"ManualUpdate":["0.9.0"]}
[2026-01-23 19:55:19.895] [info]  (update)       Skipping update: no newer version available. local: {"Version":"1.12.0","RolloutProportion":0.3203422966256454,"CategoryName":"Stable"} remote: {"CategoryName":"Stable","Version":"1.6.0","ReleaseDate":"2024-12-06","File":[{"Identifier":".deb (Ubuntu/Debian)","Url":"https://proton.me/download/mail/linux/1.6.0/ProtonMail-desktop-beta.deb","Sha512CheckSum":"7a7b2e93b29c1c9f3ddc44bf7b078b6260c79d981a557581f11bb2677a8317264dcb2e664cb7e4a4d9259872cf6bae5d60b94f9ae6ce3655b9be40b03f78155e"},{"Identifier":".rpm (Fedore/RHEL)","Url":"https://proton.me/download/mail/linux/1.6.0/ProtonMail-desktop-beta.rpm","Sha512CheckSum":"16a37459e008c5cdb8a325fd76b353fc85123a4880ab06e4f44982b48dbdf753e392e06b282cf114f24a840ec3d54e4b86290a27600b311f8e12c92c7bd1226e"}],"ReleaseNotes":[],"RolloutProportion":1,"ManualUpdate":["0.9.0"]}
[2026-01-23 19:55:19.896] [info]  (update)       Skipping update: no newer version available. local: {"Version":"1.12.0","RolloutProportion":0.3203422966256454,"CategoryName":"Stable"} remote: {"CategoryName":"Stable","Version":"1.5.1","ReleaseDate":"2024-11-27","File":[{"Identifier":".deb (Ubuntu/Debian)","Url":"https://proton.me/download/mail/linux/1.5.1/ProtonMail-desktop-beta.deb","Sha512CheckSum":"c0d60eb309170aedcc772e10ca4de73cc6fb057eaf510cc5cba996260bcdd57fd7db8f503fc2b77b40c93a411cc19848727554381a9520470a0d5119c267d6da"},{"Identifier":".rpm (Fedore/RHEL)","Url":"https://proton.me/download/mail/linux/1.5.1/ProtonMail-desktop-beta.rpm","Sha512CheckSum":"546d64484e5b06a551da88540c4ddf73a9b19f8fe88dc72ddc779e23b6094ca571593d81ebcdfc5228e3f426832f870301f48af2db6ee774bc681441a27ea651"}],"ReleaseNotes":[],"RolloutProportion":1,"ManualUpdate":["0.9.0"]}
[2026-01-23 19:55:19.897] [info]  (update)       Skipping update: no newer version available. local: {"Version":"1.12.0","RolloutProportion":0.3203422966256454,"CategoryName":"Stable"} remote: {"CategoryName":"Stable","Version":"1.4.0","ReleaseDate":"2024-11-20","File":[{"Identifier":".deb (Ubuntu/Debian)","Url":"https://proton.me/download/mail/linux/1.4.0/ProtonMail-desktop-beta.deb","Sha512CheckSum":"4e1777fd84c70e63bfb5330bc5d13bfe56d07d0544ec426d8a6d037b80568b41ec7c7055f43634e09d3bf9c3212fc7ccd730703e51c065643c2c4ceb1ad6b582"},{"Identifier":".rpm (Fedore/RHEL)","Url":"https://proton.me/download/mail/linux/1.4.0/ProtonMail-desktop-beta.rpm","Sha512CheckSum":"847f564a1c292957175b4b9f114438e2f9edf2ee9f9c7a22121375797926c9372f5b1e4e13ff01b202fd4d09f1f7c25512da2b5c2f6a4a6ac3a8777ac83f78a8"}],"ReleaseNotes":[],"RolloutProportion":1,"ManualUpdate":["0.9.0"]}
[2026-01-23 19:55:19.897] [info]  (update)       Skipping update: no newer version available. local: {"Version":"1.12.0","RolloutProportion":0.3203422966256454,"CategoryName":"Stable"} remote: {"CategoryName":"Stable","Version":"1.3.2","ReleaseDate":"2024-11-12","File":[{"Identifier":".deb (Ubuntu/Debian)","Url":"https://proton.me/download/mail/linux/1.3.2/ProtonMail-desktop-beta.deb","Sha512CheckSum":"d978d748f4b3b3e08fb6e962c110dd66868fddfc657c96018c1c808b7d00c4aa01430d7266ee7a966b8fe71322f2914bff179e9258b477a5d56cc5be01d738ad"},{"Identifier":".rpm (Fedore/RHEL)","Url":"https://proton.me/download/mail/linux/1.3.2/ProtonMail-desktop-beta.rpm","Sha512CheckSum":"10cf5ea806b8398312dc2a0a6eb218c5262d4c2c5555503feb094ff2d838270e01eb5862729a709fb86cfcc33bff17447119dd0c534cf697aa179fb8e4d05ac1"}],"ReleaseNotes":[],"RolloutProportion":1,"ManualUpdate":["0.9.0"]}
[2026-01-23 19:55:19.898] [info]  (update)       Skipping update: no newer version available. local: {"Version":"1.12.0","RolloutProportion":0.3203422966256454,"CategoryName":"Stable"} remote: {"CategoryName":"Stable","Version":"1.2.4","ReleaseDate":"2024-10-02","File":[{"Identifier":".deb (Ubuntu/Debian)","Url":"https://proton.me/download/mail/linux/1.2.4/ProtonMail-desktop-beta.deb","Sha512CheckSum":"a439906d06d6b46505bae017d3152ae2341e3c0ef3588037323484b29238f6be282af4c0da1779142c10b1a210bbd0480e35e15b0b754e9b7868bba6d00e6d0a"},{"Identifier":".rpm (Fedore/RHEL)","Url":"https://proton.me/download/mail/linux/1.2.4/ProtonMail-desktop-beta.rpm","Sha512CheckSum":"1e63ea89ecb3ddcf535eb0f25c0e53bb5d9aaf5d38535785a97143091544f3aac2a42d4f7556516d7c03457edcfe26556b4f65a98355032799d43a314bc80628"}],"ReleaseNotes":[],"RolloutProportion":1,"ManualUpdate":["0.9.0"]}
[2026-01-23 19:55:19.899] [info]  (update)       Skipping update: no newer version available. local: {"Version":"1.12.0","RolloutProportion":0.3203422966256454,"CategoryName":"Stable"} remote: {"CategoryName":"Stable","Version":"1.1.2","ReleaseDate":"2024-09-17","File":[{"Identifier":".deb (Ubuntu/Debian)","Url":"https://proton.me/download/mail/linux/1.1.2/ProtonMail-desktop-beta.deb","Sha512CheckSum":"ce5568970c64da64a4bfe8cd88c2c42dc2edf7d1d502e0c0150eb9cd64ebad6faf3b5269ed942a7a64c398006fda738b55656e9a69aa7a6b15233d9b497a11d2"},{"Identifier":".rpm (Fedore/RHEL)","Url":"https://proton.me/download/mail/linux/1.1.2/ProtonMail-desktop-beta.rpm","Sha512CheckSum":"36e0484ecf6f10a33f21d4333c6472d18ede15f3d5d5fab8afc4ce9d84d48226a930056c1fee1ce069523c4a6b1c9f2496bc1fa1d2538e05a8577a098e6185e6"}],"ReleaseNotes":[],"RolloutProportion":1,"ManualUpdate":["0.9.0"]}
[2026-01-23 19:55:19.900] [info]  (update)       Skipping update: no newer version available. local: {"Version":"1.12.0","RolloutProportion":0.3203422966256454,"CategoryName":"Stable"} remote: {"CategoryName":"Stable","Version":"1.1.0","ReleaseDate":"2024-09-03","File":[{"Identifier":".deb (Ubuntu/Debian)","Url":"https://proton.me/download/mail/linux/1.1.0/ProtonMail-desktop-beta.deb","Sha512CheckSum":"efa5fca38fc76cbd13ae2b153c1eff9d233b62be5b4ccec5647cff57c055a1975176219255eebe3f0e8cc1df3933cbd807aa41c99e3ba24e35ce24d6145d2953"},{"Identifier":".rpm (Fedore/RHEL)","Url":"https://proton.me/download/mail/linux/1.1.0/ProtonMail-desktop-beta.rpm","Sha512CheckSum":"c7871b1a1421ccb2a5ce808196f9ed996af9a408066b8d8d79f3852f29e4c0a0063ce89a86d5b9683fea38392bb94eed1ddac73ce4b2bbd6d7f799b1894e82b4"}],"ReleaseNotes":[],"RolloutProportion":1,"ManualUpdate":["0.9.0"]}
[2026-01-23 19:55:19.900] [info]  (update)       Skipping update: no newer version available. local: {"Version":"1.12.0","RolloutProportion":0.3203422966256454,"CategoryName":"Stable"} remote: {"CategoryName":"Stable","Version":"1.0.6","ReleaseDate":"2024-08-01","File":[{"Identifier":".deb (Ubuntu/Debian)","Url":"https://proton.me/download/mail/linux/ProtonMail-desktop-beta.deb","Sha512CheckSum":"fb51c0cd2124188ec40ba38c863933905a26a7457e8738048865ed4a43feb6afb30df8f20924eccfaca9e69e17f0b63960fc2e986edaaf714906d56534b8b462"},{"Identifier":".rpm (Fedore/RHEL)","Url":"https://proton.me/download/mail/linux/ProtonMail-desktop-beta.rpm","Sha512CheckSum":"ac294dabfd3150c26acf46d9988942778076191d4b1b100798de06d6fbaececa87083d72c6e717259969250a711ef7559e20cb6d862b890244cc34d917b86e6e"}],"ReleaseNotes":[],"RolloutProportion":1,"ManualUpdate":["0.9.0"]}
[2026-01-23 19:55:19.901] [info]  (update)       Skipping update: no newer version available. local: {"Version":"1.12.0","RolloutProportion":0.3203422966256454,"CategoryName":"Stable"} remote: {"CategoryName":"Stable","Version":"1.0.5","ReleaseDate":"2024-07-09","File":[{"Identifier":".deb (Ubuntu/Debian)","Url":"https://proton.me/download/mail/linux/ProtonMail-desktop-beta.deb","Sha512CheckSum":"108e434004b323d63f3240f86f8c6e13d0e42d09a59846a8d04b44914927985e93e68ca11ca110581186fc663b28e5eec6d3b49751c0eca9e04f0dea3cf753b3"},{"Identifier":".rpm (Fedore/RHEL)","Url":"https://proton.me/download/mail/linux/ProtonMail-desktop-beta.rpm","Sha512CheckSum":"00a2742aa487b3b08ab15502895b967272d6096ccc442087cb8d4be11b6842fac5856746ad2dfe45f99f229fbfa3d59b2b8c105e61ed86f8d75e80d160527212"}],"ReleaseNotes":[],"RolloutProportion":1,"ManualUpdate":["0.9.0"]}
[2026-01-23 19:55:20.240] [info]  (main)         update window bounds {"x":2560,"y":270,"width":1200,"height":900,"maximized":false,"zoom":1}
[2026-01-23 19:55:21.435] [debug] (mail)         did-finish-load https://mail.proton.me/
[2026-01-23 19:55:21.438] [verbose] (mail)         updating view bounds {"x":0,"y":0,"width":1200,"height":900}
[2026-01-23 19:55:21.440] [info]  (mail)         showView showing view for 
[2026-01-23 19:55:21.579] [info]  (preload)      Sending message: setTheme
[2026-01-23 19:55:21.596] [info]  (preload)      Sending message: storeAppVersion
[2026-01-23 19:55:21.600] [info]  (utils)        Application loaded: proton-mail@5.0.98.7
[2026-01-23 19:55:21.602] [debug] (utils)        Current versions are: 1.12.0 (M 5.0.98.7)
[2026-01-23 19:55:21.626] [info]  (mail)         will-navigate https://account.proton.me/__FORBIDDEN__?app=proton-mail&state=QKp93ifMn3Nqno2V9KCfuDaVdZvzJQOpie7gRIvUiz8&v=2&reason=session-expired
[2026-01-23 19:55:22.374] [error] (mail)         did-fail-load -3 
[2026-01-23 19:55:22.408] [info]  (mail)         did-navigate https://account.proton.me/__FORBIDDEN__?app=proton-mail&state=QKp93ifMn3Nqno2V9KCfuDaVdZvzJQOpie7gRIvUiz8&v=2&reason=session-expired
[2026-01-23 19:55:22.410] [debug] (mail)         did-navigate set zoom factor to 1
[2026-01-23 19:55:22.478] [info]  (main)         update window bounds {"x":3166,"y":58,"width":1706,"height":1374,"maximized":false,"zoom":1}
[2026-01-23 19:55:23.423] [info]  (preload)      Sending message: storeAppVersion
[2026-01-23 19:55:23.427] [info]  (utils)        Application loaded: proton-account@5.0.333.0
[2026-01-23 19:55:23.429] [debug] (utils)        Current versions are: 1.12.0 (M 5.0.98.7 / A 5.0.333.0)
[2026-01-23 19:55:23.484] [info]  (preload)      Sending message: setTheme
[2026-01-23 19:55:23.494] [info]  (mail)         did-navigate-in-page https://account.proton.me/mail
[2026-01-23 19:55:24.048] [info]  (preload)      Sending message: metricsListenerChanged
[2026-01-23 19:55:24.051] [debug] (main)         Metrics listener ready
[2026-01-23 19:55:26.213] [info]  (main)         update window bounds {"x":8,"y":58,"width":1424,"height":2494,"maximized":false,"zoom":1}
[2026-01-23 19:55:28.939] [debug] (main)         request-load-time average: 331ms deviation: 208ms max: 842ms count: 32
[2026-01-23 19:55:38.939] [debug] (main)         request-load-time average: 171ms deviation: 0ms max: 171ms count: 1
[2026-01-23 19:56:02.043] [info]  (preload)      Sending message: userLogin
[2026-01-23 19:56:02.048] [info]  (calendar)     reset to blank
[2026-01-23 19:56:02.057] [info]  (account)      reset to blank
[2026-01-23 19:56:02.117] [info]  (calendar)     did-navigate file:///usr/share/proton-mail/loading.html?message=Loading%20Proton%20Calendar%E2%80%A6&color=%237A6E80&backgroundColor=%2316141c
[2026-01-23 19:56:02.130] [info]  (account)      did-navigate file:///usr/share/proton-mail/loading.html?message=Loading%20Proton%20Account%E2%80%A6&color=%237A6E80&backgroundColor=%2316141c
[2026-01-23 19:56:02.255] [verbose] (view)         updating view bounds {"x":0,"y":0,"width":1424,"height":2494}
[2026-01-23 19:56:02.262] [verbose] (view)         updating view bounds {"x":0,"y":0,"width":1424,"height":2494}
[2026-01-23 19:56:02.330] [info]  (mail)         will-navigate https://mail.proton.me/login#selector=4pj4zitu36mk5p7us7fj4duevccitxhz&state=QKp93ifMn3Nqno2V9KCfuDaVdZvzJQOpie7gRIvUiz8&sk=YqJ-NliSgw2mqnRxW8Mq40OrhMFJ_WcObMxwQMukzPw&v=2&p=1&tr=1&pv=1&pt=default&source=0
[2026-01-23 19:56:02.578] [info]  (mail)         did-navigate https://mail.proton.me/login#selector=4pj4zitu36mk5p7us7fj4duevccitxhz&state=QKp93ifMn3Nqno2V9KCfuDaVdZvzJQOpie7gRIvUiz8&sk=YqJ-NliSgw2mqnRxW8Mq40OrhMFJ_WcObMxwQMukzPw&v=2&p=1&tr=1&pv=1&pt=default&source=0
[2026-01-23 19:56:02.582] [debug] (mail)         did-navigate set zoom factor to 1
[2026-01-23 19:56:03.183] [info]  (preload)      Sending message: setTheme
[2026-01-23 19:56:03.191] [info]  (preload)      Sending message: storeAppVersion
[2026-01-23 19:56:03.195] [info]  (utils)        Application loaded: proton-mail@5.0.98.7
[2026-01-23 19:56:03.197] [debug] (utils)        Current versions are: 1.12.0 (M 5.0.98.7 / A 5.0.333.0)
[2026-01-23 19:56:05.310] [info]  (mail)         did-navigate-in-page https://mail.proton.me/u/0/
[2026-01-23 19:56:05.315] [info]  (main)         Rewriting URL to include local id https://calendar.proton.me/u/0/
[2026-01-23 19:56:05.318] [info]  (calendar)     reset to home page https://calendar.proton.me/u/0/
[2026-01-23 19:56:05.321] [info]  (calendar)     loadURL from file:///usr/share/proton-mail/loading.html?message=Loading%20Proton%20Calendar%E2%80%A6&color=%237A6E80&backgroundColor=%2316141c to https://calendar.proton.me/u/0/
[2026-01-23 19:56:05.330] [info]  (account)      reset to blank
[2026-01-23 19:56:05.387] [info]  (account)      did-navigate file:///usr/share/proton-mail/loading.html?message=Loading%20Proton%20Account%E2%80%A6&color=%237A6E80&backgroundColor=%2316141c
[2026-01-23 19:56:05.433] [verbose] (view)         updating view bounds {"x":0,"y":0,"width":1424,"height":2494}
[2026-01-23 19:56:05.866] [info]  (calendar)     did-navigate https://calendar.proton.me/u/0/
[2026-01-23 19:56:05.869] [debug] (calendar)     did-navigate set zoom factor to 1
[2026-01-23 19:56:06.241] [info]  (mail)         will-navigate https://mail.proton.me/u/0/
[2026-01-23 19:56:06.550] [info]  (mail)         did-navigate https://mail.proton.me/u/0/
[2026-01-23 19:56:06.558] [debug] (mail)         did-navigate set zoom factor to 1
[2026-01-23 19:56:06.571] [info]  (main)         Rewriting URL to include local id https://calendar.proton.me/u/0/
[2026-01-23 19:56:06.576] [info]  (calendar)     reset to home page https://calendar.proton.me/u/0/
[2026-01-23 19:56:06.581] [info]  (calendar)     loadURL already in given url https://calendar.proton.me/u/0/
[2026-01-23 19:56:06.584] [info]  (account)      reset to blank
[2026-01-23 19:56:06.675] [info]  (account)      did-navigate file:///usr/share/proton-mail/loading.html?message=Loading%20Proton%20Account%E2%80%A6&color=%237A6E80&backgroundColor=%2316141c
[2026-01-23 19:56:06.729] [verbose] (view)         updating view bounds {"x":0,"y":0,"width":1424,"height":2494}
[2026-01-23 19:56:06.919] [info]  (preload)      Sending message: setTheme
[2026-01-23 19:56:06.931] [info]  (preload)      Sending message: storeAppVersion
[2026-01-23 19:56:06.938] [info]  (utils)        Application loaded: proton-mail@5.0.98.7
[2026-01-23 19:56:06.941] [debug] (utils)        Current versions are: 1.12.0 (M 5.0.98.7 / A 5.0.333.0)
[2026-01-23 19:56:07.623] [debug] (calendar)     did-finish-load https://calendar.proton.me/u/0/
[2026-01-23 19:56:07.809] [info]  (preload)      Sending message: setTheme
[2026-01-23 19:56:07.850] [info]  (preload)      Sending message: storeAppVersion
[2026-01-23 19:56:07.858] [info]  (utils)        Application loaded: proton-calendar@5.0.98.2
[2026-01-23 19:56:07.862] [debug] (utils)        Current versions are: 1.12.0 (M 5.0.98.7 / A 5.0.333.0 / C 5.0.98.2)
[2026-01-23 19:56:07.900] [info]  (calendar)     will-navigate https://account.proton.me/__FORBIDDEN__?app=proton-calendar&state=Qqi66q-zX_yKhWqXevgS4yyU2MG7d78cCAS83H4Qnwc&v=2&u=0&reason=session-expired
[2026-01-23 19:56:08.090] [error] (calendar)     did-fail-load -3 
[2026-01-23 19:56:08.120] [info]  (calendar)     did-navigate https://account.proton.me/__FORBIDDEN__?app=proton-calendar&state=Qqi66q-zX_yKhWqXevgS4yyU2MG7d78cCAS83H4Qnwc&v=2&u=0&reason=session-expired
[2026-01-23 19:56:08.124] [debug] (calendar)     did-navigate set zoom factor to 1
[2026-01-23 19:56:08.612] [info]  (preload)      Sending message: storeAppVersion
[2026-01-23 19:56:08.618] [info]  (utils)        Application loaded: proton-account@5.0.333.0
[2026-01-23 19:56:08.621] [debug] (utils)        Current versions are: 1.12.0 (M 5.0.98.7 / A 5.0.333.0 / C 5.0.98.2)
[2026-01-23 19:56:08.675] [info]  (preload)      Sending message: setTheme
[2026-01-23 19:56:08.940] [debug] (main)         request-load-time average: 112ms deviation: 138ms max: 612ms count: 53
[2026-01-23 19:56:09.182] [info]  (calendar)     will-navigate https://calendar.proton.me/login#selector=fxsae7apdnyzbcct5agjejaykwf6xeaq&state=Qqi66q-zX_yKhWqXevgS4yyU2MG7d78cCAS83H4Qnwc&sk=5IGmxhJP0mGmiQv6W4aHjkg2pNBgyhOMh7JOkbnOk4Q&v=2&p=1&tr=1&pv=1&pt=default&source=0
[2026-01-23 19:56:09.245] [info]  (preload)      Sending message: earlyAccess
[2026-01-23 19:56:09.251] [info]  (settings)     Updating release category beta
[2026-01-23 19:56:09.253] [info]  (settings)     Settings saved {"releaseCategory":"EarlyAccess"}
[2026-01-23 19:56:09.261] [info]  (preload)      Sending message: earlyAccess
[2026-01-23 19:56:09.266] [info]  (settings)     Updating release category beta
[2026-01-23 19:56:09.270] [info]  (preload)      Sending message: earlyAccess
[2026-01-23 19:56:09.274] [info]  (settings)     Updating release category beta
[2026-01-23 19:56:09.277] [info]  (preload)      Sending message: earlyAccess
[2026-01-23 19:56:09.282] [info]  (settings)     Updating release category beta
[2026-01-23 19:56:09.285] [info]  (preload)      Sending message: earlyAccess
[2026-01-23 19:56:09.289] [info]  (settings)     Updating release category beta
[2026-01-23 19:56:09.293] [info]  (preload)      Sending message: earlyAccess
[2026-01-23 19:56:09.297] [info]  (settings)     Updating release category beta
[2026-01-23 19:56:09.300] [info]  (preload)      Sending message: earlyAccess
[2026-01-23 19:56:09.305] [info]  (settings)     Updating release category beta
[2026-01-23 19:56:09.310] [info]  (preload)      Sending message: earlyAccess
[2026-01-23 19:56:09.314] [info]  (settings)     Updating release category beta
[2026-01-23 19:56:09.318] [info]  (preload)      Sending message: earlyAccess
[2026-01-23 19:56:09.323] [info]  (settings)     Updating release category beta
[2026-01-23 19:56:09.326] [info]  (preload)      Sending message: earlyAccess
[2026-01-23 19:56:09.331] [info]  (settings)     Updating release category beta
[2026-01-23 19:56:09.335] [info]  (preload)      Sending message: earlyAccess
[2026-01-23 19:56:09.341] [info]  (settings)     Updating release category beta
[2026-01-23 19:56:09.345] [info]  (preload)      Sending message: earlyAccess
[2026-01-23 19:56:09.349] [info]  (settings)     Updating release category beta
[2026-01-23 19:56:09.354] [info]  (preload)      Sending message: earlyAccess
[2026-01-23 19:56:09.358] [info]  (settings)     Updating release category beta
[2026-01-23 19:56:09.362] [info]  (preload)      Sending message: earlyAccess
[2026-01-23 19:56:09.370] [info]  (settings)     Updating release category beta
[2026-01-23 19:56:09.378] [info]  (calendar)     did-navigate https://calendar.proton.me/login#selector=fxsae7apdnyzbcct5agjejaykwf6xeaq&state=Qqi66q-zX_yKhWqXevgS4yyU2MG7d78cCAS83H4Qnwc&sk=5IGmxhJP0mGmiQv6W4aHjkg2pNBgyhOMh7JOkbnOk4Q&v=2&p=1&tr=1&pv=1&pt=default&source=0
[2026-01-23 19:56:09.381] [debug] (calendar)     did-navigate set zoom factor to 1
[2026-01-23 19:56:09.373] [info]  (preload)      Sending message: earlyAccess
[2026-01-23 19:56:09.391] [info]  (settings)     Updating release category beta
[2026-01-23 19:56:09.394] [info]  (preload)      Sending message: earlyAccess
[2026-01-23 19:56:09.401] [info]  (settings)     Updating release category beta
[2026-01-23 19:56:09.405] [info]  (preload)      Sending message: earlyAccess
[2026-01-23 19:56:09.409] [info]  (settings)     Updating release category beta
[2026-01-23 19:56:09.413] [info]  (preload)      Sending message: earlyAccess
[2026-01-23 19:56:09.418] [info]  (settings)     Updating release category beta
[2026-01-23 19:56:09.421] [info]  (preload)      Sending message: earlyAccess
[2026-01-23 19:56:09.431] [info]  (settings)     Updating release category beta
[2026-01-23 19:56:09.436] [info]  (preload)      Sending message: earlyAccess
[2026-01-23 19:56:09.439] [info]  (settings)     Updating release category beta
[2026-01-23 19:56:09.442] [info]  (preload)      Sending message: earlyAccess
[2026-01-23 19:56:09.445] [info]  (settings)     Updating release category beta
[2026-01-23 19:56:09.448] [info]  (preload)      Sending message: earlyAccess
[2026-01-23 19:56:09.451] [info]  (settings)     Updating release category beta
[2026-01-23 19:56:09.455] [info]  (preload)      Sending message: earlyAccess
[2026-01-23 19:56:09.458] [info]  (settings)     Updating release category beta
[2026-01-23 19:56:09.462] [info]  (preload)      Sending message: earlyAccess
[2026-01-23 19:56:09.466] [info]  (settings)     Updating release category beta
[2026-01-23 19:56:09.469] [info]  (preload)      Sending message: earlyAccess
[2026-01-23 19:56:09.474] [info]  (settings)     Updating release category beta
[2026-01-23 19:56:09.477] [info]  (preload)      Sending message: earlyAccess
[2026-01-23 19:56:09.480] [info]  (settings)     Updating release category beta
[2026-01-23 19:56:09.483] [info]  (preload)      Sending message: earlyAccess
[2026-01-23 19:56:09.486] [info]  (settings)     Updating release category beta
[2026-01-23 19:56:09.490] [info]  (preload)      Sending message: earlyAccess
[2026-01-23 19:56:09.493] [info]  (settings)     Updating release category beta
[2026-01-23 19:56:09.496] [info]  (preload)      Sending message: earlyAccess
[2026-01-23 19:56:09.499] [info]  (settings)     Updating release category beta
[2026-01-23 19:56:09.502] [info]  (preload)      Sending message: earlyAccess
[2026-01-23 19:56:09.506] [info]  (settings)     Updating release category beta
[2026-01-23 19:56:09.509] [info]  (preload)      Sending message: earlyAccess
[2026-01-23 19:56:09.513] [info]  (settings)     Updating release category beta
[2026-01-23 19:56:09.516] [info]  (preload)      Sending message: earlyAccess
[2026-01-23 19:56:09.520] [info]  (settings)     Updating release category beta
[2026-01-23 19:56:09.522] [info]  (preload)      Sending message: earlyAccess
[2026-01-23 19:56:09.526] [info]  (settings)     Updating release category beta
[2026-01-23 19:56:09.528] [info]  (preload)      Sending message: earlyAccess
[2026-01-23 19:56:09.532] [info]  (settings)     Updating release category beta
[2026-01-23 19:56:09.535] [info]  (preload)      Sending message: earlyAccess
[2026-01-23 19:56:09.538] [info]  (settings)     Updating release category beta
[2026-01-23 19:56:09.541] [info]  (preload)      Sending message: earlyAccess
[2026-01-23 19:56:09.545] [info]  (settings)     Updating release category beta
[2026-01-23 19:56:09.547] [info]  (preload)      Sending message: earlyAccess
[2026-01-23 19:56:09.552] [info]  (settings)     Updating release category beta
[2026-01-23 19:56:09.555] [info]  (preload)      Sending message: earlyAccess
[2026-01-23 19:56:09.560] [info]  (settings)     Updating release category beta
[2026-01-23 19:56:09.563] [info]  (preload)      Sending message: earlyAccess
[2026-01-23 19:56:09.567] [info]  (settings)     Updating release category beta
[2026-01-23 19:56:09.570] [info]  (preload)      Sending message: earlyAccess
[2026-01-23 19:56:09.574] [info]  (settings)     Updating release category beta
[2026-01-23 19:56:09.577] [info]  (preload)      Sending message: earlyAccess
[2026-01-23 19:56:09.581] [info]  (settings)     Updating release category beta
[2026-01-23 19:56:09.587] [info]  (preload)      Sending message: earlyAccess
[2026-01-23 19:56:09.590] [info]  (settings)     Updating release category beta
[2026-01-23 19:56:09.594] [info]  (preload)      Sending message: earlyAccess
[2026-01-23 19:56:09.599] [info]  (settings)     Updating release category beta
[2026-01-23 19:56:09.602] [info]  (preload)      Sending message: earlyAccess
[2026-01-23 19:56:09.605] [info]  (settings)     Updating release category beta
[2026-01-23 19:56:09.608] [info]  (preload)      Sending message: earlyAccess
[2026-01-23 19:56:09.611] [info]  (settings)     Updating release category beta
[2026-01-23 19:56:09.616] [info]  (preload)      Sending message: earlyAccess
[2026-01-23 19:56:09.621] [info]  (settings)     Updating release category beta
[2026-01-23 19:56:09.624] [info]  (preload)      Sending message: earlyAccess
[2026-01-23 19:56:09.628] [info]  (settings)     Updating release category beta
[2026-01-23 19:56:09.632] [info]  (preload)      Sending message: earlyAccess
[2026-01-23 19:56:09.636] [info]  (settings)     Updating release category beta
[2026-01-23 19:56:09.633] [info]  (preload)      Sending message: setTheme
[2026-01-23 19:56:09.640] [info]  (preload)      Sending message: earlyAccess
[2026-01-23 19:56:09.646] [info]  (settings)     Updating release category beta
[2026-01-23 19:56:09.649] [info]  (preload)      Sending message: earlyAccess
[2026-01-23 19:56:09.653] [info]  (settings)     Updating release category beta
[2026-01-23 19:56:09.655] [info]  (preload)      Sending message: earlyAccess
[2026-01-23 19:56:09.660] [info]  (settings)     Updating release category beta
[2026-01-23 19:56:09.656] [info]  (preload)      Sending message: storeAppVersion
[2026-01-23 19:56:09.667] [info]  (utils)        Application loaded: proton-calendar@5.0.98.2
[2026-01-23 19:56:09.670] [debug] (utils)        Current versions are: 1.12.0 (M 5.0.98.7 / A 5.0.333.0 / C 5.0.98.2)
[2026-01-23 19:56:09.664] [info]  (preload)      Sending message: earlyAccess
[2026-01-23 19:56:09.680] [info]  (settings)     Updating release category beta
[2026-01-23 19:56:09.683] [info]  (preload)      Sending message: earlyAccess
[2026-01-23 19:56:09.689] [info]  (settings)     Updating release category beta
[2026-01-23 19:56:09.692] [info]  (preload)      Sending message: earlyAccess
[2026-01-23 19:56:09.699] [info]  (settings)     Updating release category beta
[2026-01-23 19:56:09.704] [info]  (preload)      Sending message: earlyAccess
[2026-01-23 19:56:09.708] [info]  (settings)     Updating release category beta
[2026-01-23 19:56:09.712] [info]  (preload)      Sending message: earlyAccess
[2026-01-23 19:56:09.715] [info]  (settings)     Updating release category beta
[2026-01-23 19:56:09.718] [info]  (preload)      Sending message: earlyAccess
[2026-01-23 19:56:09.722] [info]  (settings)     Updating release category beta
[2026-01-23 19:56:09.726] [info]  (mail)         did-navigate-in-page https://mail.proton.me/u/0/inbox
[2026-01-23 19:56:09.730] [info]  (main)         Rewriting URL to include local id https://calendar.proton.me/u/0/
[2026-01-23 19:56:09.732] [info]  (calendar)     reset to home page https://calendar.proton.me/u/0/
[2026-01-23 19:56:09.735] [info]  (calendar)     loadURL from https://calendar.proton.me/login#selector=fxsae7apdnyzbcct5agjejaykwf6xeaq&state=Qqi66q-zX_yKhWqXevgS4yyU2MG7d78cCAS83H4Qnwc&sk=5IGmxhJP0mGmiQv6W4aHjkg2pNBgyhOMh7JOkbnOk4Q&v=2&p=1&tr=1&pv=1&pt=default&source=0 to https://calendar.proton.me/u/0/
[2026-01-23 19:56:09.738] [info]  (account)      reset to blank
[2026-01-23 19:56:09.747] [info]  (preload)      Sending message: updateNotification
[2026-01-23 19:56:09.753] [info]  (ipc)          Update badge value 0
[2026-01-23 19:56:09.755] [info]  (ipc)          Reset badge value
[2026-01-23 19:56:09.772] [info]  (account)      did-navigate file:///usr/share/proton-mail/loading.html?message=Loading%20Proton%20Account%E2%80%A6&color=%237A6E80&backgroundColor=%2316141c
[2026-01-23 19:56:09.797] [verbose] (view)         updating view bounds {"x":0,"y":0,"width":1424,"height":2494}
[2026-01-23 19:56:09.853] [info]  (preload)      Sending message: earlyAccess
[2026-01-23 19:56:09.856] [info]  (settings)     Updating release category beta
[2026-01-23 19:56:09.909] [info]  (preload)      Sending message: checkDailyStatsAndSignal
[2026-01-23 19:56:09.913] [debug] (protocol)     Checking default mailto
[2026-01-23 19:56:09.993] [info]  (protocol)     App default mailto client status {
  isDefault: false,
  wasChecked: true,
  shouldBeDefault: true,
  wasDefaultInPast: false,
  canUpdateDefault: true,
  lastReport: { wasDefault: false, timestamp: 0 }
}
[2026-01-23 19:56:10.006] [info]  (preload)      Sending message: metricsListenerChanged
[2026-01-23 19:56:10.014] [debug] (main)         Metrics listener ready
[2026-01-23 19:56:10.026] [info]  (calendar)     did-navigate https://calendar.proton.me/u/0/
[2026-01-23 19:56:10.028] [debug] (calendar)     did-navigate set zoom factor to 1
[2026-01-23 19:56:10.118] [debug] (calendar)     did-finish-load https://calendar.proton.me/u/0/
[2026-01-23 19:56:10.140] [info]  (preload)      Sending message: setTheme
[2026-01-23 19:56:10.146] [info]  (preload)      Sending message: storeAppVersion
[2026-01-23 19:56:10.150] [info]  (utils)        Application loaded: proton-calendar@5.0.98.2
[2026-01-23 19:56:10.151] [debug] (utils)        Current versions are: 1.12.0 (M 5.0.98.7 / A 5.0.333.0 / C 5.0.98.2)
[2026-01-23 19:56:10.162] [info]  (calendar)     will-navigate https://account.proton.me/__FORBIDDEN__?app=proton-calendar&state=ekTktcn6XmAE60QHowLPRRO802JXoEs8aC8pfztGHSg&v=2&u=0&reason=session-expired
[2026-01-23 19:56:10.581] [error] (calendar)     did-fail-load -3 
[2026-01-23 19:56:10.600] [info]  (calendar)     did-navigate https://account.proton.me/__FORBIDDEN__?app=proton-calendar&state=ekTktcn6XmAE60QHowLPRRO802JXoEs8aC8pfztGHSg&v=2&u=0&reason=session-expired
[2026-01-23 19:56:10.602] [debug] (calendar)     did-navigate set zoom factor to 1
[2026-01-23 19:56:10.726] [info]  (preload)      Sending message: storeAppVersion
[2026-01-23 19:56:10.734] [info]  (utils)        Application loaded: proton-account@5.0.333.0
[2026-01-23 19:56:10.737] [debug] (utils)        Current versions are: 1.12.0 (M 5.0.98.7 / A 5.0.333.0 / C 5.0.98.2)
[2026-01-23 19:56:10.791] [info]  (preload)      Sending message: setTheme
[2026-01-23 19:56:11.205] [info]  (preload)      Sending message: dailyStatsReported
[2026-01-23 19:56:11.319] [info]  (calendar)     will-navigate https://calendar.proton.me/login#selector=tus25my522l25cqryjggoag7nyeyzhgc&state=ekTktcn6XmAE60QHowLPRRO802JXoEs8aC8pfztGHSg&sk=EtZP2WXNraXFvBJDmvZksXwT2h1fqAwdPUyuFbOlZus&v=2&p=1&tr=1&pv=1&pt=default&source=0
[2026-01-23 19:56:11.502] [info]  (calendar)     did-navigate https://calendar.proton.me/login#selector=tus25my522l25cqryjggoag7nyeyzhgc&state=ekTktcn6XmAE60QHowLPRRO802JXoEs8aC8pfztGHSg&sk=EtZP2WXNraXFvBJDmvZksXwT2h1fqAwdPUyuFbOlZus&v=2&p=1&tr=1&pv=1&pt=default&source=0
[2026-01-23 19:56:11.506] [debug] (calendar)     did-navigate set zoom factor to 1
[2026-01-23 19:56:11.719] [info]  (preload)      Sending message: setTheme
[2026-01-23 19:56:11.733] [info]  (preload)      Sending message: storeAppVersion
[2026-01-23 19:56:11.739] [info]  (utils)        Application loaded: proton-calendar@5.0.98.2
[2026-01-23 19:56:11.745] [debug] (utils)        Current versions are: 1.12.0 (M 5.0.98.7 / A 5.0.333.0 / C 5.0.98.2)
[2026-01-23 19:56:12.896] [info]  (preload)      Sending message: earlyAccess
[2026-01-23 19:56:12.902] [info]  (settings)     Updating release category beta
[2026-01-23 19:56:12.906] [info]  (preload)      Sending message: earlyAccess
[2026-01-23 19:56:12.911] [info]  (settings)     Updating release category beta
[2026-01-23 19:56:12.915] [info]  (preload)      Sending message: earlyAccess
[2026-01-23 19:56:12.920] [info]  (settings)     Updating release category beta
[2026-01-23 19:56:12.927] [info]  (preload)      Sending message: earlyAccess
[2026-01-23 19:56:12.934] [info]  (settings)     Updating release category beta
[2026-01-23 19:56:12.940] [info]  (calendar)     did-navigate-in-page https://calendar.proton.me/u/0/
[2026-01-23 19:56:12.938] [info]  (preload)      Sending message: earlyAccess
[2026-01-23 19:56:12.949] [info]  (settings)     Updating release category beta
[2026-01-23 19:56:12.954] [info]  (preload)      Sending message: earlyAccess
[2026-01-23 19:56:12.959] [info]  (settings)     Updating release category beta
[2026-01-23 19:56:12.963] [info]  (preload)      Sending message: earlyAccess
[2026-01-23 19:56:12.971] [info]  (settings)     Updating release category beta
[2026-01-23 19:56:12.976] [info]  (preload)      Sending message: earlyAccess
[2026-01-23 19:56:12.981] [info]  (settings)     Updating release category beta
[2026-01-23 19:56:12.984] [info]  (preload)      Sending message: earlyAccess
[2026-01-23 19:56:12.989] [info]  (settings)     Updating release category beta
[2026-01-23 19:56:12.993] [info]  (preload)      Sending message: earlyAccess
[2026-01-23 19:56:12.998] [info]  (settings)     Updating release category beta
[2026-01-23 19:56:13.001] [info]  (preload)      Sending message: earlyAccess
[2026-01-23 19:56:13.007] [info]  (settings)     Updating release category beta
[2026-01-23 19:56:13.011] [info]  (preload)      Sending message: earlyAccess
[2026-01-23 19:56:13.018] [info]  (settings)     Updating release category beta
[2026-01-23 19:56:13.023] [info]  (preload)      Sending message: earlyAccess
[2026-01-23 19:56:13.032] [info]  (settings)     Updating release category beta
[2026-01-23 19:56:13.037] [info]  (preload)      Sending message: earlyAccess
[2026-01-23 19:56:13.042] [info]  (settings)     Updating release category beta
[2026-01-23 19:56:13.047] [info]  (preload)      Sending message: earlyAccess
[2026-01-23 19:56:13.051] [info]  (settings)     Updating release category beta
[2026-01-23 19:56:13.056] [info]  (preload)      Sending message: earlyAccess
[2026-01-23 19:56:13.062] [info]  (settings)     Updating release category beta
[2026-01-23 19:56:13.065] [info]  (preload)      Sending message: earlyAccess
[2026-01-23 19:56:13.070] [info]  (settings)     Updating release category beta
[2026-01-23 19:56:13.075] [info]  (preload)      Sending message: earlyAccess
[2026-01-23 19:56:13.079] [info]  (settings)     Updating release category beta
[2026-01-23 19:56:13.083] [info]  (preload)      Sending message: earlyAccess
[2026-01-23 19:56:13.088] [info]  (settings)     Updating release category beta
[2026-01-23 19:56:13.094] [info]  (preload)      Sending message: earlyAccess
[2026-01-23 19:56:13.101] [info]  (settings)     Updating release category beta
[2026-01-23 19:56:13.108] [info]  (preload)      Sending message: earlyAccess
[2026-01-23 19:56:13.117] [info]  (settings)     Updating release category beta
[2026-01-23 19:56:13.122] [info]  (preload)      Sending message: earlyAccess
[2026-01-23 19:56:13.126] [info]  (settings)     Updating release category beta
[2026-01-23 19:56:13.128] [info]  (preload)      Sending message: earlyAccess
[2026-01-23 19:56:13.132] [info]  (settings)     Updating release category beta
[2026-01-23 19:56:13.137] [info]  (preload)      Sending message: earlyAccess
[2026-01-23 19:56:13.140] [info]  (settings)     Updating release category beta
[2026-01-23 19:56:13.143] [info]  (preload)      Sending message: earlyAccess
[2026-01-23 19:56:13.149] [info]  (settings)     Updating release category beta
[2026-01-23 19:56:13.157] [info]  (preload)      Sending message: earlyAccess
[2026-01-23 19:56:13.164] [info]  (settings)     Updating release category beta
[2026-01-23 19:56:13.171] [info]  (preload)      Sending message: earlyAccess
[2026-01-23 19:56:13.177] [info]  (settings)     Updating release category beta
[2026-01-23 19:56:13.182] [info]  (preload)      Sending message: earlyAccess
[2026-01-23 19:56:13.189] [info]  (settings)     Updating release category beta
[2026-01-23 19:56:13.194] [info]  (preload)      Sending message: earlyAccess
[2026-01-23 19:56:13.201] [info]  (settings)     Updating release category beta
[2026-01-23 19:56:13.207] [info]  (preload)      Sending message: earlyAccess
[2026-01-23 19:56:13.216] [info]  (settings)     Updating release category beta
[2026-01-23 19:56:13.220] [info]  (preload)      Sending message: earlyAccess
[2026-01-23 19:56:13.233] [info]  (settings)     Updating release category beta
[2026-01-23 19:56:13.243] [info]  (preload)      Sending message: earlyAccess
[2026-01-23 19:56:13.252] [info]  (settings)     Updating release category beta
[2026-01-23 19:56:13.260] [info]  (preload)      Sending message: earlyAccess
[2026-01-23 19:56:13.273] [info]  (settings)     Updating release category beta
[2026-01-23 19:56:13.278] [info]  (preload)      Sending message: earlyAccess
[2026-01-23 19:56:13.286] [info]  (settings)     Updating release category beta
[2026-01-23 19:56:13.290] [info]  (preload)      Sending message: earlyAccess
[2026-01-23 19:56:13.294] [info]  (settings)     Updating release category beta
[2026-01-23 19:56:13.298] [info]  (preload)      Sending message: earlyAccess
[2026-01-23 19:56:13.302] [info]  (settings)     Updating release category beta
[2026-01-23 19:56:13.307] [info]  (preload)      Sending message: earlyAccess
[2026-01-23 19:56:13.312] [info]  (settings)     Updating release category beta
[2026-01-23 19:56:13.317] [info]  (preload)      Sending message: earlyAccess
[2026-01-23 19:56:13.324] [info]  (settings)     Updating release category beta
[2026-01-23 19:56:13.329] [info]  (preload)      Sending message: earlyAccess
[2026-01-23 19:56:13.336] [info]  (settings)     Updating release category beta
[2026-01-23 19:56:13.343] [info]  (preload)      Sending message: earlyAccess
[2026-01-23 19:56:13.350] [info]  (settings)     Updating release category beta
[2026-01-23 19:56:13.356] [info]  (preload)      Sending message: earlyAccess
[2026-01-23 19:56:13.364] [info]  (settings)     Updating release category beta
[2026-01-23 19:56:13.370] [info]  (preload)      Sending message: earlyAccess
[2026-01-23 19:56:13.376] [info]  (settings)     Updating release category beta
[2026-01-23 19:56:13.383] [info]  (preload)      Sending message: earlyAccess
[2026-01-23 19:56:13.390] [info]  (settings)     Updating release category beta
[2026-01-23 19:56:13.394] [info]  (preload)      Sending message: earlyAccess
[2026-01-23 19:56:13.400] [info]  (settings)     Updating release category beta
[2026-01-23 19:56:13.407] [info]  (preload)      Sending message: earlyAccess
[2026-01-23 19:56:13.413] [info]  (settings)     Updating release category beta
[2026-01-23 19:56:13.420] [info]  (preload)      Sending message: earlyAccess
[2026-01-23 19:56:13.425] [info]  (settings)     Updating release category beta
[2026-01-23 19:56:13.428] [info]  (preload)      Sending message: earlyAccess
[2026-01-23 19:56:13.432] [info]  (settings)     Updating release category beta
[2026-01-23 19:56:13.436] [info]  (preload)      Sending message: earlyAccess
[2026-01-23 19:56:13.440] [info]  (settings)     Updating release category beta
[2026-01-23 19:56:13.444] [info]  (preload)      Sending message: earlyAccess
[2026-01-23 19:56:13.449] [info]  (settings)     Updating release category beta
[2026-01-23 19:56:13.452] [info]  (preload)      Sending message: earlyAccess
[2026-01-23 19:56:13.455] [info]  (settings)     Updating release category beta
[2026-01-23 19:56:13.751] [info]  (calendar)     will-navigate https://calendar.proton.me/u/0/
[2026-01-23 19:56:14.002] [info]  (calendar)     did-navigate https://calendar.proton.me/u/0/
[2026-01-23 19:56:14.006] [debug] (calendar)     did-navigate set zoom factor to 1
[2026-01-23 19:56:14.331] [info]  (preload)      Sending message: setTheme
[2026-01-23 19:56:14.340] [info]  (preload)      Sending message: storeAppVersion
[2026-01-23 19:56:14.345] [info]  (utils)        Application loaded: proton-calendar@5.0.98.2
[2026-01-23 19:56:14.348] [debug] (utils)        Current versions are: 1.12.0 (M 5.0.98.7 / A 5.0.333.0 / C 5.0.98.2)
[2026-01-23 19:56:14.359] [info]  (preload)      Sending message: earlyAccess
[2026-01-23 19:56:14.365] [info]  (settings)     Updating release category beta
[2026-01-23 19:56:14.371] [info]  (preload)      Sending message: toggleAppCache
[2026-01-23 19:56:15.071] [info]  (calendar)     will-navigate https://calendar.proton.me/u/0/
[2026-01-23 19:56:15.299] [info]  (calendar)     did-navigate https://calendar.proton.me/u/0/
[2026-01-23 19:56:15.301] [debug] (calendar)     did-navigate set zoom factor to 1
[2026-01-23 19:56:15.594] [info]  (preload)      Sending message: setTheme
[2026-01-23 19:56:15.604] [info]  (preload)      Sending message: storeAppVersion
[2026-01-23 19:56:15.609] [info]  (utils)        Application loaded: proton-calendar@5.0.98.2
[2026-01-23 19:56:15.611] [debug] (utils)        Current versions are: 1.12.0 (M 5.0.98.7 / A 5.0.333.0 / C 5.0.98.2)
[2026-01-23 19:56:15.876] [info]  (preload)      Sending message: updateNotification
[2026-01-23 19:56:15.880] [info]  (ipc)          Update badge value 11729
[2026-01-23 19:56:16.583] [info]  (preload)      Sending message: earlyAccess
[2026-01-23 19:56:16.587] [info]  (settings)     Updating release category beta
[2026-01-23 19:56:16.589] [info]  (preload)      Sending message: earlyAccess
[2026-01-23 19:56:16.594] [info]  (settings)     Updating release category beta
[2026-01-23 19:56:16.597] [info]  (preload)      Sending message: earlyAccess
[2026-01-23 19:56:16.602] [info]  (settings)     Updating release category beta
[2026-01-23 19:56:16.605] [info]  (preload)      Sending message: earlyAccess
[2026-01-23 19:56:16.609] [info]  (settings)     Updating release category beta
[2026-01-23 19:56:16.611] [info]  (preload)      Sending message: earlyAccess
[2026-01-23 19:56:16.615] [info]  (settings)     Updating release category beta
[2026-01-23 19:56:17.074] [info]  (preload)      Sending message: earlyAccess
[2026-01-23 19:56:17.078] [info]  (settings)     Updating release category beta
[2026-01-23 19:56:18.278] [info]  (preload)      Sending message: earlyAccess
[2026-01-23 19:56:18.282] [info]  (settings)     Updating release category beta
[2026-01-23 19:56:18.940] [debug] (main)         request-load-time average: 111ms deviation: 79ms max: 320ms count: 39
[2026-01-23 19:56:19.042] [debug] (flag-manager) Checking flags
[2026-01-23 19:56:19.058] [debug] (flag-manager) Feature flags saved to cache
[2026-01-23 19:56:26.541] [info]  (preload)      Sending message: earlyAccess
[2026-01-23 19:56:26.545] [info]  (settings)     Updating release category beta
[2026-01-23 19:56:28.997] [info]  (mail)         will-navigate https://account.proton.me/u/0/mail
[2026-01-23 19:56:29.001] [verbose] (account)      updating view bounds {"x":0,"y":0,"width":1424,"height":2494}
[2026-01-23 19:56:29.005] [debug] (account)      showView current url is different file:///usr/share/proton-mail/loading.html?message=Loading%20Proton%20Account%E2%80%A6&color=%237A6E80&backgroundColor=%2316141c
[2026-01-23 19:56:29.010] [info]  (account)      showView loading https://account.proton.me/u/0/mail
[2026-01-23 19:56:29.012] [info]  (main)         Show loading view
[2026-01-23 19:56:29.065] [info]  (main)         did-navigate file:///usr/share/proton-mail/loading.html?message=Loading%20Proton%20Account%E2%80%A6&color=%237A6E80&backgroundColor=%2316141c
[2026-01-23 19:56:29.179] [verbose] (view)         updating view bounds {"x":0,"y":0,"width":1424,"height":2494}
[2026-01-23 19:56:29.184] [info]  (account)      loadURL from file:///usr/share/proton-mail/loading.html?message=Loading%20Proton%20Account%E2%80%A6&color=%237A6E80&backgroundColor=%2316141c to https://account.proton.me/u/0/mail
[2026-01-23 19:56:29.382] [info]  (account)      did-navigate https://account.proton.me/u/0/mail
[2026-01-23 19:56:29.386] [debug] (account)      did-navigate set zoom factor to 1
[2026-01-23 19:56:29.993] [debug] (account)      did-finish-load https://account.proton.me/u/0/mail
[2026-01-23 19:56:30.062] [info]  (preload)      Sending message: setTheme
[2026-01-23 19:56:30.075] [info]  (preload)      Sending message: storeAppVersion
[2026-01-23 19:56:30.079] [info]  (utils)        Application loaded: proton-account@5.0.333.0
[2026-01-23 19:56:30.081] [debug] (utils)        Current versions are: 1.12.0 (M 5.0.98.7 / A 5.0.333.0 / C 5.0.98.2)
[2026-01-23 19:56:30.283] [info]  (account)      did-navigate-in-page https://account.proton.me/u/0/mail
[2026-01-23 19:56:30.890] [info]  (account)      will-navigate https://account.proton.me/u/0/mail
[2026-01-23 19:56:31.091] [info]  (account)      did-navigate https://account.proton.me/u/0/mail
[2026-01-23 19:56:31.094] [debug] (account)      did-navigate set zoom factor to 1
[2026-01-23 19:56:31.308] [info]  (preload)      Sending message: setTheme
[2026-01-23 19:56:31.320] [info]  (preload)      Sending message: storeAppVersion
[2026-01-23 19:56:31.325] [info]  (utils)        Application loaded: proton-account@5.0.333.0
[2026-01-23 19:56:31.327] [debug] (utils)        Current versions are: 1.12.0 (M 5.0.98.7 / A 5.0.333.0 / C 5.0.98.2)
[2026-01-23 19:56:32.509] [info]  (preload)      Sending message: earlyAccess
[2026-01-23 19:56:32.515] [info]  (settings)     Updating release category beta
[2026-01-23 19:56:32.518] [info]  (preload)      Sending message: earlyAccess
[2026-01-23 19:56:32.523] [info]  (settings)     Updating release category beta
[2026-01-23 19:56:32.528] [info]  (preload)      Sending message: earlyAccess
[2026-01-23 19:56:32.535] [info]  (settings)     Updating release category beta
[2026-01-23 19:56:32.539] [info]  (preload)      Sending message: earlyAccess
[2026-01-23 19:56:32.546] [info]  (settings)     Updating release category beta
[2026-01-23 19:56:33.285] [info]  (account)      did-navigate-in-page https://account.proton.me/u/0/mail/dashboard
[2026-01-23 19:56:38.939] [debug] (main)         request-load-time average: 73ms deviation: 80ms max: 226ms count: 31
[2026-01-23 19:56:41.553] [info]  (account)      did-navigate-in-page https://account.proton.me/u/0/mail/email-privacy
[2026-01-23 19:56:44.723] [info]  (account)      did-navigate-in-page https://account.proton.me/u/0/mail/encryption-keys
[2026-01-23 19:56:55.029] [info]  (account)      did-navigate-in-page https://account.proton.me/u/0/mail/imap-smtp
[2026-01-23 19:56:56.579] [info]  (account)      did-navigate-in-page https://account.proton.me/u/0/mail/backup-export
[2026-01-23 19:56:58.940] [debug] (main)         request-load-time average: 194ms deviation: 0ms max: 194ms count: 1
[2026-01-23 19:57:01.480] [info]  (account)      did-navigate-in-page https://account.proton.me/u/0/mail/email-privacy
[2026-01-23 19:57:02.488] [info]  (account)      did-navigate-in-page https://account.proton.me/u/0/mail/identity-addresses
[2026-01-23 19:57:04.038] [info]  (account)      did-navigate-in-page https://account.proton.me/u/0/mail/folders-labels
[2026-01-23 19:57:06.880] [info]  (account)      did-navigate-in-page https://account.proton.me/u/0/mail/dashboard
[2026-01-23 19:57:07.904] [info]  (account)      did-navigate-in-page https://account.proton.me/u/0/mail/recovery
[2026-01-23 19:57:08.941] [debug] (main)         request-load-time average: 139ms deviation: 59ms max: 169ms count: 6
[2026-01-23 19:57:17.730] [info]  (account)      did-navigate-in-page https://account.proton.me/u/0/safety-review?back=https%253A%252F%252Faccount.proton.me%252Fu%252F0%252Fmail%252Frecovery&source=recovery_settings
[2026-01-23 19:57:18.941] [debug] (main)         request-load-time average: 160ms deviation: 0ms max: 160ms count: 1
[2026-01-23 19:57:19.042] [debug] (flag-manager) Checking flags
[2026-01-23 19:57:19.062] [debug] (flag-manager) Feature flags saved to cache
[2026-01-23 19:57:29.382] [info]  (account)      did-navigate-in-page https://account.proton.me/u/0/mail/recovery
[2026-01-23 19:57:29.442] [info]  (preload)      Sending message: earlyAccess
[2026-01-23 19:57:29.445] [info]  (settings)     Updating release category beta
[2026-01-23 19:57:29.447] [info]  (preload)      Sending message: earlyAccess
[2026-01-23 19:57:29.450] [info]  (settings)     Updating release category beta
[2026-01-23 19:57:29.452] [info]  (preload)      Sending message: earlyAccess
[2026-01-23 19:57:29.455] [info]  (settings)     Updating release category beta
[2026-01-23 19:57:29.457] [info]  (preload)      Sending message: earlyAccess
[2026-01-23 19:57:29.460] [info]  (settings)     Updating release category beta
[2026-01-23 19:57:31.253] [info]  (account)      did-navigate-in-page https://account.proton.me/u/0/mail/language-time
[2026-01-23 19:57:32.484] [info]  (account)      did-navigate-in-page https://account.proton.me/u/0/mail/appearance
[2026-01-23 19:57:37.300] [info]  (preload)      Sending message: setTheme
[2026-01-23 19:57:37.304] [info]  (settings)     Settings saved {"theme":{"LightTheme":2,"DarkTheme":1,"Mode":0,"FontFace":1,"FontSize":0,"Features":0}}
[2026-01-23 19:57:37.315] [info]  (mail)         Reloading hidden view
[2026-01-23 19:57:37.316] [info]  (mail)         loadURL from https://mail.proton.me/u/0/inbox to https://mail.proton.me/u/0/inbox
[2026-01-23 19:57:37.318] [info]  (calendar)     Reloading hidden view
[2026-01-23 19:57:37.319] [info]  (calendar)     loadURL from https://calendar.proton.me/u/0/ to https://calendar.proton.me/u/0/
[2026-01-23 19:57:37.535] [info]  (calendar)     did-navigate https://calendar.proton.me/u/0/
[2026-01-23 19:57:37.538] [debug] (calendar)     did-navigate set zoom factor to 1
[2026-01-23 19:57:37.596] [info]  (mail)         did-navigate https://mail.proton.me/u/0/inbox
[2026-01-23 19:57:37.600] [debug] (mail)         did-navigate set zoom factor to 1
[2026-01-23 19:57:37.799] [debug] (calendar)     did-finish-load https://calendar.proton.me/u/0/
[2026-01-23 19:57:37.820] [info]  (preload)      Sending message: setTheme
[2026-01-23 19:57:37.831] [info]  (preload)      Sending message: storeAppVersion
[2026-01-23 19:57:37.834] [info]  (utils)        Application loaded: proton-calendar@5.0.98.2
[2026-01-23 19:57:37.836] [debug] (utils)        Current versions are: 1.12.0 (M 5.0.98.7 / A 5.0.333.0 / C 5.0.98.2)
[2026-01-23 19:57:37.877] [debug] (mail)         did-finish-load https://mail.proton.me/u/0/inbox
[2026-01-23 19:57:37.904] [info]  (preload)      Sending message: setTheme
[2026-01-23 19:57:37.914] [info]  (preload)      Sending message: storeAppVersion
[2026-01-23 19:57:37.918] [info]  (utils)        Application loaded: proton-mail@5.0.98.7
[2026-01-23 19:57:37.919] [debug] (utils)        Current versions are: 1.12.0 (M 5.0.98.7 / A 5.0.333.0 / C 5.0.98.2)
[2026-01-23 19:57:38.945] [debug] (main)         request-load-time average: 101ms deviation: 42ms max: 169ms count: 10
[2026-01-23 19:57:39.238] [info]  (preload)      Sending message: earlyAccess
[2026-01-23 19:57:39.243] [info]  (settings)     Updating release category beta
[2026-01-23 19:57:39.246] [info]  (preload)      Sending message: earlyAccess
[2026-01-23 19:57:39.251] [info]  (settings)     Updating release category beta
[2026-01-23 19:57:39.257] [info]  (preload)      Sending message: earlyAccess
[2026-01-23 19:57:39.263] [info]  (settings)     Updating release category beta
[2026-01-23 19:57:39.268] [info]  (preload)      Sending message: earlyAccess
[2026-01-23 19:57:39.274] [info]  (settings)     Updating release category beta
[2026-01-23 19:57:39.280] [info]  (preload)      Sending message: earlyAccess
[2026-01-23 19:57:39.284] [info]  (settings)     Updating release category beta
[2026-01-23 19:57:39.668] [info]  (preload)      Sending message: earlyAccess
[2026-01-23 19:57:39.675] [info]  (settings)     Updating release category beta
[2026-01-23 19:57:39.817] [info]  (preload)      Sending message: earlyAccess
[2026-01-23 19:57:39.821] [info]  (settings)     Updating release category beta
[2026-01-23 19:57:39.831] [info]  (preload)      Sending message: earlyAccess
[2026-01-23 19:57:39.835] [info]  (settings)     Updating release category beta
[2026-01-23 19:57:39.838] [info]  (preload)      Sending message: earlyAccess
[2026-01-23 19:57:39.842] [info]  (settings)     Updating release category beta
[2026-01-23 19:57:39.848] [info]  (preload)      Sending message: earlyAccess
[2026-01-23 19:57:39.856] [info]  (settings)     Updating release category beta
[2026-01-23 19:57:39.862] [info]  (preload)      Sending message: earlyAccess
[2026-01-23 19:57:39.866] [info]  (settings)     Updating release category beta
[2026-01-23 19:57:39.870] [info]  (preload)      Sending message: earlyAccess
[2026-01-23 19:57:39.872] [info]  (settings)     Updating release category beta
[2026-01-23 19:57:39.870] [info]  (preload)      Sending message: setTheme
[2026-01-23 19:57:39.874] [info]  (settings)     Settings saved {"theme":{"LightTheme":2,"DarkTheme":1,"Mode":0,"FontFace":1,"FontSize":3,"Features":0}}
[2026-01-23 19:57:39.879] [info]  (mail)         Reloading hidden view
[2026-01-23 19:57:39.879] [info]  (mail)         loadURL from https://mail.proton.me/u/0/inbox to https://mail.proton.me/u/0/inbox
[2026-01-23 19:57:39.880] [info]  (calendar)     Reloading hidden view
[2026-01-23 19:57:39.881] [info]  (calendar)     loadURL from https://calendar.proton.me/u/0/ to https://calendar.proton.me/u/0/
[2026-01-23 19:57:39.884] [info]  (preload)      Sending message: earlyAccess
[2026-01-23 19:57:39.888] [info]  (settings)     Updating release category beta
[2026-01-23 19:57:39.893] [info]  (preload)      Sending message: earlyAccess
[2026-01-23 19:57:39.900] [info]  (settings)     Updating release category beta
[2026-01-23 19:57:39.906] [info]  (preload)      Sending message: earlyAccess
[2026-01-23 19:57:39.914] [info]  (settings)     Updating release category beta
[2026-01-23 19:57:39.917] [info]  (preload)      Sending message: earlyAccess
[2026-01-23 19:57:39.922] [info]  (settings)     Updating release category beta
[2026-01-23 19:57:39.925] [info]  (preload)      Sending message: earlyAccess
[2026-01-23 19:57:39.928] [info]  (settings)     Updating release category beta
[2026-01-23 19:57:39.930] [info]  (preload)      Sending message: earlyAccess
[2026-01-23 19:57:39.932] [info]  (settings)     Updating release category beta
[2026-01-23 19:57:39.935] [info]  (preload)      Sending message: earlyAccess
[2026-01-23 19:57:39.939] [info]  (settings)     Updating release category beta
[2026-01-23 19:57:39.942] [info]  (preload)      Sending message: earlyAccess
[2026-01-23 19:57:39.946] [info]  (settings)     Updating release category beta
[2026-01-23 19:57:39.949] [info]  (preload)      Sending message: earlyAccess
[2026-01-23 19:57:39.953] [info]  (settings)     Updating release category beta
[2026-01-23 19:57:39.956] [info]  (preload)      Sending message: earlyAccess
[2026-01-23 19:57:39.959] [info]  (settings)     Updating release category beta
[2026-01-23 19:57:39.965] [info]  (preload)      Sending message: earlyAccess
[2026-01-23 19:57:39.971] [info]  (settings)     Updating release category beta
[2026-01-23 19:57:39.974] [info]  (preload)      Sending message: earlyAccess
[2026-01-23 19:57:39.979] [info]  (settings)     Updating release category beta
[2026-01-23 19:57:39.984] [info]  (preload)      Sending message: earlyAccess
[2026-01-23 19:57:39.988] [info]  (settings)     Updating release category beta
[2026-01-23 19:57:39.993] [info]  (preload)      Sending message: earlyAccess
[2026-01-23 19:57:39.998] [info]  (settings)     Updating release category beta
[2026-01-23 19:57:40.002] [info]  (preload)      Sending message: earlyAccess
[2026-01-23 19:57:40.005] [info]  (settings)     Updating release category beta
[2026-01-23 19:57:40.009] [info]  (preload)      Sending message: earlyAccess
[2026-01-23 19:57:40.015] [info]  (settings)     Updating release category beta
[2026-01-23 19:57:40.019] [info]  (preload)      Sending message: earlyAccess
[2026-01-23 19:57:40.021] [info]  (settings)     Updating release category beta
[2026-01-23 19:57:40.026] [info]  (preload)      Sending message: earlyAccess
[2026-01-23 19:57:40.029] [info]  (settings)     Updating release category beta
[2026-01-23 19:57:40.034] [info]  (preload)      Sending message: earlyAccess
[2026-01-23 19:57:40.039] [info]  (settings)     Updating release category beta
[2026-01-23 19:57:40.042] [info]  (preload)      Sending message: earlyAccess
[2026-01-23 19:57:40.048] [info]  (settings)     Updating release category beta
[2026-01-23 19:57:40.053] [info]  (preload)      Sending message: earlyAccess
[2026-01-23 19:57:40.057] [info]  (settings)     Updating release category beta
[2026-01-23 19:57:40.061] [info]  (preload)      Sending message: earlyAccess
[2026-01-23 19:57:40.065] [info]  (settings)     Updating release category beta
[2026-01-23 19:57:40.069] [info]  (preload)      Sending message: earlyAccess
[2026-01-23 19:57:40.074] [info]  (settings)     Updating release category beta
[2026-01-23 19:57:40.078] [info]  (preload)      Sending message: earlyAccess
[2026-01-23 19:57:40.084] [info]  (settings)     Updating release category beta
[2026-01-23 19:57:40.088] [info]  (preload)      Sending message: earlyAccess
[2026-01-23 19:57:40.092] [info]  (settings)     Updating release category beta
[2026-01-23 19:57:40.096] [info]  (preload)      Sending message: earlyAccess
[2026-01-23 19:57:40.101] [info]  (settings)     Updating release category beta
[2026-01-23 19:57:40.105] [info]  (preload)      Sending message: earlyAccess
[2026-01-23 19:57:40.110] [info]  (settings)     Updating release category beta
[2026-01-23 19:57:40.115] [info]  (preload)      Sending message: earlyAccess
[2026-01-23 19:57:40.119] [info]  (settings)     Updating release category beta
[2026-01-23 19:57:40.127] [info]  (preload)      Sending message: earlyAccess
[2026-01-23 19:57:40.132] [info]  (settings)     Updating release category beta
[2026-01-23 19:57:40.137] [info]  (preload)      Sending message: earlyAccess
[2026-01-23 19:57:40.142] [info]  (settings)     Updating release category beta
[2026-01-23 19:57:40.147] [info]  (preload)      Sending message: earlyAccess
[2026-01-23 19:57:40.152] [info]  (settings)     Updating release category beta
[2026-01-23 19:57:40.157] [info]  (preload)      Sending message: earlyAccess
[2026-01-23 19:57:40.161] [info]  (settings)     Updating release category beta
[2026-01-23 19:57:40.165] [info]  (preload)      Sending message: earlyAccess
[2026-01-23 19:57:40.170] [info]  (settings)     Updating release category beta
[2026-01-23 19:57:40.176] [info]  (preload)      Sending message: earlyAccess
[2026-01-23 19:57:40.181] [info]  (settings)     Updating release category beta
[2026-01-23 19:57:40.186] [info]  (preload)      Sending message: earlyAccess
[2026-01-23 19:57:40.191] [info]  (settings)     Updating release category beta
[2026-01-23 19:57:40.199] [info]  (preload)      Sending message: earlyAccess
[2026-01-23 19:57:40.212] [info]  (settings)     Updating release category beta
[2026-01-23 19:57:40.217] [info]  (preload)      Sending message: earlyAccess
[2026-01-23 19:57:40.225] [info]  (settings)     Updating release category beta
[2026-01-23 19:57:40.230] [info]  (preload)      Sending message: earlyAccess
[2026-01-23 19:57:40.240] [info]  (settings)     Updating release category beta
[2026-01-23 19:57:40.244] [info]  (preload)      Sending message: earlyAccess
[2026-01-23 19:57:40.254] [info]  (settings)     Updating release category beta
[2026-01-23 19:57:40.258] [info]  (preload)      Sending message: earlyAccess
[2026-01-23 19:57:40.265] [info]  (settings)     Updating release category beta
[2026-01-23 19:57:40.271] [info]  (preload)      Sending message: earlyAccess
[2026-01-23 19:57:40.277] [info]  (settings)     Updating release category beta
[2026-01-23 19:57:40.281] [info]  (preload)      Sending message: earlyAccess
[2026-01-23 19:57:40.287] [info]  (settings)     Updating release category beta
[2026-01-23 19:57:40.291] [info]  (preload)      Sending message: earlyAccess
[2026-01-23 19:57:40.296] [info]  (settings)     Updating release category beta
[2026-01-23 19:57:40.302] [info]  (preload)      Sending message: earlyAccess
[2026-01-23 19:57:40.308] [info]  (settings)     Updating release category beta
[2026-01-23 19:57:40.315] [info]  (preload)      Sending message: earlyAccess
[2026-01-23 19:57:40.319] [info]  (settings)     Updating release category beta
[2026-01-23 19:57:40.323] [info]  (preload)      Sending message: earlyAccess
[2026-01-23 19:57:40.328] [info]  (settings)     Updating release category beta
[2026-01-23 19:57:40.332] [info]  (preload)      Sending message: earlyAccess
[2026-01-23 19:57:40.336] [info]  (settings)     Updating release category beta
[2026-01-23 19:57:40.338] [info]  (preload)      Sending message: earlyAccess
[2026-01-23 19:57:40.345] [info]  (settings)     Updating release category beta
[2026-01-23 19:57:40.351] [info]  (preload)      Sending message: earlyAccess
[2026-01-23 19:57:40.357] [info]  (settings)     Updating release category beta
[2026-01-23 19:57:40.362] [info]  (preload)      Sending message: earlyAccess
[2026-01-23 19:57:40.367] [info]  (settings)     Updating release category beta
[2026-01-23 19:57:40.372] [info]  (preload)      Sending message: earlyAccess
[2026-01-23 19:57:40.379] [info]  (settings)     Updating release category beta
[2026-01-23 19:57:40.432] [info]  (preload)      Sending message: updateNotification
[2026-01-23 19:57:40.437] [info]  (ipc)          Update badge value 0
[2026-01-23 19:57:40.440] [info]  (ipc)          Reset badge value
[2026-01-23 19:57:40.515] [info]  (preload)      Sending message: earlyAccess
[2026-01-23 19:57:40.518] [info]  (settings)     Updating release category beta
[2026-01-23 19:57:40.567] [info]  (preload)      Sending message: metricsListenerChanged
[2026-01-23 19:57:40.572] [debug] (main)         Metrics listener ready
[2026-01-23 19:57:40.759] [info]  (calendar)     did-navigate https://calendar.proton.me/u/0/
[2026-01-23 19:57:40.762] [debug] (calendar)     did-navigate set zoom factor to 1
[2026-01-23 19:57:40.969] [debug] (calendar)     did-finish-load https://calendar.proton.me/u/0/
[2026-01-23 19:57:40.989] [info]  (preload)      Sending message: setTheme
[2026-01-23 19:57:40.997] [info]  (preload)      Sending message: storeAppVersion
[2026-01-23 19:57:41.001] [info]  (utils)        Application loaded: proton-calendar@5.0.98.2
[2026-01-23 19:57:41.002] [debug] (utils)        Current versions are: 1.12.0 (M 5.0.98.7 / A 5.0.333.0 / C 5.0.98.2)
[2026-01-23 19:57:41.788] [info]  (preload)      Sending message: setTheme
[2026-01-23 19:57:41.793] [info]  (settings)     Settings saved {"theme":{"LightTheme":2,"DarkTheme":1,"Mode":0,"FontFace":1,"FontSize":3,"Features":1}}
[2026-01-23 19:57:41.806] [info]  (mail)         Reloading hidden view
[2026-01-23 19:57:41.808] [info]  (mail)         loadURL from https://mail.proton.me/u/0/inbox to https://mail.proton.me/u/0/inbox
[2026-01-23 19:57:41.811] [info]  (calendar)     Reloading hidden view
[2026-01-23 19:57:41.814] [info]  (calendar)     loadURL from https://calendar.proton.me/u/0/ to https://calendar.proton.me/u/0/
[2026-01-23 19:57:41.868] [info]  (preload)      Sending message: earlyAccess
[2026-01-23 19:57:41.874] [info]  (settings)     Updating release category beta
[2026-01-23 19:57:41.883] [info]  (preload)      Sending message: earlyAccess
[2026-01-23 19:57:41.888] [info]  (settings)     Updating release category beta
[2026-01-23 19:57:41.883] [info]  (preload)      Sending message: toggleAppCache
[2026-01-23 19:57:41.890] [info]  (preload)      Sending message: earlyAccess
[2026-01-23 19:57:41.898] [info]  (settings)     Updating release category beta
[2026-01-23 19:57:41.904] [info]  (preload)      Sending message: earlyAccess
[2026-01-23 19:57:41.909] [info]  (settings)     Updating release category beta
[2026-01-23 19:57:41.911] [info]  (preload)      Sending message: earlyAccess
[2026-01-23 19:57:41.915] [info]  (settings)     Updating release category beta
[2026-01-23 19:57:41.919] [info]  (preload)      Sending message: earlyAccess
[2026-01-23 19:57:41.924] [info]  (settings)     Updating release category beta
[2026-01-23 19:57:42.099] [info]  (preload)      Sending message: metricsListenerChanged
[2026-01-23 19:57:42.112] [debug] (main)         Metrics listener removed
[2026-01-23 19:57:42.369] [info]  (mail)         did-navigate https://mail.proton.me/u/0/inbox
[2026-01-23 19:57:42.374] [debug] (mail)         did-navigate set zoom factor to 1
[2026-01-23 19:57:42.403] [info]  (preload)      Sending message: earlyAccess
[2026-01-23 19:57:42.410] [info]  (settings)     Updating release category beta
[2026-01-23 19:57:42.478] [debug] (mail)         did-finish-load https://mail.proton.me/u/0/inbox
[2026-01-23 19:57:42.480] [debug] (mail)         did-finish-load https://mail.proton.me/u/0/inbox
[2026-01-23 19:57:42.491] [info]  (mail)         did-navigate https://mail.proton.me/u/0/inbox
[2026-01-23 19:57:42.493] [debug] (mail)         did-navigate set zoom factor to 1
[2026-01-23 19:57:42.531] [info]  (calendar)     did-navigate https://calendar.proton.me/u/0/
[2026-01-23 19:57:42.532] [debug] (calendar)     did-navigate set zoom factor to 1
[2026-01-23 19:57:42.660] [debug] (calendar)     did-finish-load https://calendar.proton.me/u/0/
[2026-01-23 19:57:42.697] [info]  (preload)      Sending message: setTheme
[2026-01-23 19:57:42.705] [info]  (preload)      Sending message: storeAppVersion
[2026-01-23 19:57:42.710] [info]  (utils)        Application loaded: proton-calendar@5.0.98.2
[2026-01-23 19:57:42.712] [debug] (utils)        Current versions are: 1.12.0 (M 5.0.98.7 / A 5.0.333.0 / C 5.0.98.2)
[2026-01-23 19:57:42.888] [info]  (preload)      Sending message: setTheme
[2026-01-23 19:57:42.918] [info]  (preload)      Sending message: storeAppVersion
[2026-01-23 19:57:42.923] [info]  (utils)        Application loaded: proton-mail@5.0.98.7
[2026-01-23 19:57:42.925] [debug] (utils)        Current versions are: 1.12.0 (M 5.0.98.7 / A 5.0.333.0 / C 5.0.98.2)
[2026-01-23 19:57:43.561] [info]  (preload)      Sending message: earlyAccess
[2026-01-23 19:57:43.566] [info]  (settings)     Updating release category beta
[2026-01-23 19:57:43.570] [info]  (preload)      Sending message: earlyAccess
[2026-01-23 19:57:43.576] [info]  (settings)     Updating release category beta
[2026-01-23 19:57:43.581] [info]  (preload)      Sending message: earlyAccess
[2026-01-23 19:57:43.585] [info]  (settings)     Updating release category beta
[2026-01-23 19:57:43.591] [info]  (preload)      Sending message: earlyAccess
[2026-01-23 19:57:43.595] [info]  (settings)     Updating release category beta
[2026-01-23 19:57:43.599] [info]  (preload)      Sending message: earlyAccess
[2026-01-23 19:57:43.605] [info]  (settings)     Updating release category beta
[2026-01-23 19:57:43.620] [info]  (account)      did-navigate-in-page https://account.proton.me/u/0/mail/security
[2026-01-23 19:57:43.701] [info]  (account)      did-navigate-in-page https://account.proton.me/u/0/mail/security
[2026-01-23 19:57:43.706] [info]  (account)      did-navigate-in-page https://account.proton.me/u/0/mail/security
[2026-01-23 19:57:43.712] [info]  (account)      did-navigate-in-page https://account.proton.me/u/0/mail/security
[2026-01-23 19:57:43.719] [info]  (account)      did-navigate-in-page https://account.proton.me/u/0/mail/security
[2026-01-23 19:57:44.152] [info]  (account)      did-navigate-in-page https://account.proton.me/u/0/mail/security
[2026-01-23 19:57:44.181] [info]  (account)      did-navigate-in-page https://account.proton.me/u/0/mail/security
[2026-01-23 19:57:44.243] [info]  (preload)      Sending message: earlyAccess
[2026-01-23 19:57:44.245] [info]  (settings)     Updating release category beta
[2026-01-23 19:57:44.416] [info]  (preload)      Sending message: earlyAccess
[2026-01-23 19:57:44.422] [info]  (settings)     Updating release category beta
[2026-01-23 19:57:44.428] [info]  (preload)      Sending message: earlyAccess
[2026-01-23 19:57:44.433] [info]  (settings)     Updating release category beta
[2026-01-23 19:57:44.437] [info]  (preload)      Sending message: earlyAccess
[2026-01-23 19:57:44.439] [info]  (settings)     Updating release category beta
[2026-01-23 19:57:44.440] [info]  (preload)      Sending message: earlyAccess
[2026-01-23 19:57:44.442] [info]  (settings)     Updating release category beta
[2026-01-23 19:57:44.444] [info]  (preload)      Sending message: earlyAccess
[2026-01-23 19:57:44.446] [info]  (settings)     Updating release category beta
[2026-01-23 19:57:44.448] [info]  (preload)      Sending message: earlyAccess
[2026-01-23 19:57:44.450] [info]  (settings)     Updating release category beta
[2026-01-23 19:57:44.453] [info]  (preload)      Sending message: earlyAccess
[2026-01-23 19:57:44.454] [info]  (settings)     Updating release category beta
[2026-01-23 19:57:44.457] [info]  (preload)      Sending message: earlyAccess
[2026-01-23 19:57:44.460] [info]  (settings)     Updating release category beta
[2026-01-23 19:57:44.462] [info]  (preload)      Sending message: earlyAccess
[2026-01-23 19:57:44.466] [info]  (settings)     Updating release category beta
[2026-01-23 19:57:44.468] [info]  (preload)      Sending message: earlyAccess
[2026-01-23 19:57:44.471] [info]  (settings)     Updating release category beta
[2026-01-23 19:57:44.473] [info]  (preload)      Sending message: earlyAccess
[2026-01-23 19:57:44.475] [info]  (settings)     Updating release category beta
[2026-01-23 19:57:44.476] [info]  (preload)      Sending message: earlyAccess
[2026-01-23 19:57:44.478] [info]  (settings)     Updating release category beta
[2026-01-23 19:57:44.479] [info]  (preload)      Sending message: earlyAccess
[2026-01-23 19:57:44.481] [info]  (settings)     Updating release category beta
[2026-01-23 19:57:44.482] [info]  (preload)      Sending message: earlyAccess
[2026-01-23 19:57:44.483] [info]  (settings)     Updating release category beta
[2026-01-23 19:57:44.485] [info]  (preload)      Sending message: earlyAccess
[2026-01-23 19:57:44.488] [info]  (settings)     Updating release category beta
[2026-01-23 19:57:44.490] [info]  (preload)      Sending message: earlyAccess
[2026-01-23 19:57:44.493] [info]  (settings)     Updating release category beta
[2026-01-23 19:57:44.496] [info]  (preload)      Sending message: earlyAccess
[2026-01-23 19:57:44.499] [info]  (settings)     Updating release category beta
[2026-01-23 19:57:44.502] [info]  (preload)      Sending message: earlyAccess
[2026-01-23 19:57:44.505] [info]  (settings)     Updating release category beta
[2026-01-23 19:57:44.508] [info]  (preload)      Sending message: earlyAccess
[2026-01-23 19:57:44.511] [info]  (settings)     Updating release category beta
[2026-01-23 19:57:44.514] [info]  (preload)      Sending message: earlyAccess
[2026-01-23 19:57:44.516] [info]  (settings)     Updating release category beta
[2026-01-23 19:57:44.518] [info]  (preload)      Sending message: earlyAccess
[2026-01-23 19:57:44.520] [info]  (settings)     Updating release category beta
[2026-01-23 19:57:44.522] [info]  (preload)      Sending message: earlyAccess
[2026-01-23 19:57:44.524] [info]  (settings)     Updating release category beta
[2026-01-23 19:57:44.526] [info]  (preload)      Sending message: earlyAccess
[2026-01-23 19:57:44.528] [info]  (settings)     Updating release category beta
[2026-01-23 19:57:44.530] [info]  (preload)      Sending message: earlyAccess
[2026-01-23 19:57:44.533] [info]  (settings)     Updating release category beta
[2026-01-23 19:57:44.535] [info]  (preload)      Sending message: earlyAccess
[2026-01-23 19:57:44.538] [info]  (settings)     Updating release category beta
[2026-01-23 19:57:44.541] [info]  (preload)      Sending message: earlyAccess
[2026-01-23 19:57:44.545] [info]  (settings)     Updating release category beta
[2026-01-23 19:57:44.548] [info]  (preload)      Sending message: earlyAccess
[2026-01-23 19:57:44.550] [info]  (settings)     Updating release category beta
[2026-01-23 19:57:44.551] [info]  (preload)      Sending message: earlyAccess
[2026-01-23 19:57:44.554] [info]  (settings)     Updating release category beta
[2026-01-23 19:57:44.557] [info]  (preload)      Sending message: earlyAccess
[2026-01-23 19:57:44.560] [info]  (settings)     Updating release category beta
[2026-01-23 19:57:44.563] [info]  (preload)      Sending message: earlyAccess
[2026-01-23 19:57:44.565] [info]  (settings)     Updating release category beta
[2026-01-23 19:57:44.567] [info]  (preload)      Sending message: earlyAccess
[2026-01-23 19:57:44.570] [info]  (settings)     Updating release category beta
[2026-01-23 19:57:44.572] [info]  (preload)      Sending message: earlyAccess
[2026-01-23 19:57:44.574] [info]  (settings)     Updating release category beta
[2026-01-23 19:57:44.576] [info]  (preload)      Sending message: earlyAccess
[2026-01-23 19:57:44.578] [info]  (settings)     Updating release category beta
[2026-01-23 19:57:44.580] [info]  (preload)      Sending message: earlyAccess
[2026-01-23 19:57:44.582] [info]  (settings)     Updating release category beta
[2026-01-23 19:57:44.585] [info]  (preload)      Sending message: earlyAccess
[2026-01-23 19:57:44.588] [info]  (settings)     Updating release category beta
[2026-01-23 19:57:44.591] [info]  (preload)      Sending message: earlyAccess
[2026-01-23 19:57:44.594] [info]  (settings)     Updating release category beta
[2026-01-23 19:57:44.598] [info]  (preload)      Sending message: earlyAccess
[2026-01-23 19:57:44.601] [info]  (settings)     Updating release category beta
[2026-01-23 19:57:44.603] [info]  (preload)      Sending message: earlyAccess
[2026-01-23 19:57:44.605] [info]  (settings)     Updating release category beta
[2026-01-23 19:57:44.606] [info]  (preload)      Sending message: earlyAccess
[2026-01-23 19:57:44.608] [info]  (settings)     Updating release category beta
[2026-01-23 19:57:44.610] [info]  (preload)      Sending message: earlyAccess
[2026-01-23 19:57:44.611] [info]  (settings)     Updating release category beta
[2026-01-23 19:57:44.612] [info]  (preload)      Sending message: earlyAccess
[2026-01-23 19:57:44.614] [info]  (settings)     Updating release category beta
[2026-01-23 19:57:44.615] [info]  (preload)      Sending message: earlyAccess
[2026-01-23 19:57:44.617] [info]  (settings)     Updating release category beta
[2026-01-23 19:57:44.618] [info]  (preload)      Sending message: earlyAccess
[2026-01-23 19:57:44.620] [info]  (settings)     Updating release category beta
[2026-01-23 19:57:44.621] [info]  (preload)      Sending message: earlyAccess
[2026-01-23 19:57:44.623] [info]  (settings)     Updating release category beta
[2026-01-23 19:57:44.625] [info]  (preload)      Sending message: earlyAccess
[2026-01-23 19:57:44.627] [info]  (settings)     Updating release category beta
[2026-01-23 19:57:44.629] [info]  (preload)      Sending message: earlyAccess
[2026-01-23 19:57:44.631] [info]  (settings)     Updating release category beta
[2026-01-23 19:57:44.633] [info]  (preload)      Sending message: earlyAccess
[2026-01-23 19:57:44.636] [info]  (settings)     Updating release category beta
[2026-01-23 19:57:44.638] [info]  (preload)      Sending message: earlyAccess
[2026-01-23 19:57:44.641] [info]  (settings)     Updating release category beta
[2026-01-23 19:57:44.643] [info]  (preload)      Sending message: earlyAccess
[2026-01-23 19:57:44.646] [info]  (settings)     Updating release category beta
[2026-01-23 19:57:44.648] [info]  (preload)      Sending message: earlyAccess
[2026-01-23 19:57:44.650] [info]  (settings)     Updating release category beta
[2026-01-23 19:57:44.651] [info]  (preload)      Sending message: earlyAccess
[2026-01-23 19:57:44.653] [info]  (settings)     Updating release category beta
[2026-01-23 19:57:44.655] [info]  (preload)      Sending message: earlyAccess
[2026-01-23 19:57:44.656] [info]  (settings)     Updating release category beta
[2026-01-23 19:57:44.657] [info]  (preload)      Sending message: earlyAccess
[2026-01-23 19:57:44.659] [info]  (settings)     Updating release category beta
[2026-01-23 19:57:44.660] [info]  (preload)      Sending message: earlyAccess
[2026-01-23 19:57:44.662] [info]  (settings)     Updating release category beta
[2026-01-23 19:57:44.663] [info]  (preload)      Sending message: earlyAccess
[2026-01-23 19:57:44.665] [info]  (settings)     Updating release category beta
[2026-01-23 19:57:44.668] [info]  (preload)      Sending message: earlyAccess
[2026-01-23 19:57:44.671] [info]  (settings)     Updating release category beta
[2026-01-23 19:57:44.673] [info]  (preload)      Sending message: earlyAccess
[2026-01-23 19:57:44.676] [info]  (settings)     Updating release category beta
[2026-01-23 19:57:44.704] [info]  (preload)      Sending message: updateNotification
[2026-01-23 19:57:44.706] [info]  (ipc)          Update badge value 0
[2026-01-23 19:57:44.707] [info]  (ipc)          Reset badge value
[2026-01-23 19:57:44.777] [info]  (preload)      Sending message: earlyAccess
[2026-01-23 19:57:44.779] [info]  (settings)     Updating release category beta
[2026-01-23 19:57:44.822] [info]  (preload)      Sending message: metricsListenerChanged
[2026-01-23 19:57:44.826] [debug] (main)         Metrics listener ready
[2026-01-23 19:57:45.763] [info]  (preload)      Sending message: earlyAccess
[2026-01-23 19:57:45.767] [info]  (settings)     Updating release category beta
[2026-01-23 19:57:45.770] [info]  (preload)      Sending message: earlyAccess
[2026-01-23 19:57:45.774] [info]  (settings)     Updating release category beta
[2026-01-23 19:57:45.777] [info]  (preload)      Sending message: toggleAppCache
[2026-01-23 19:57:45.786] [info]  (preload)      Sending message: earlyAccess
[2026-01-23 19:57:45.789] [info]  (settings)     Updating release category beta
[2026-01-23 19:57:48.944] [debug] (main)         request-load-time average: 77ms deviation: 77ms max: 344ms count: 27
[2026-01-23 19:57:51.867] [info]  (preload)      Sending message: earlyAccess
[2026-01-23 19:57:51.871] [info]  (settings)     Updating release category beta
[2026-01-23 19:57:51.874] [info]  (preload)      Sending message: earlyAccess
[2026-01-23 19:57:51.877] [info]  (settings)     Updating release category beta
[2026-01-23 19:57:51.881] [info]  (preload)      Sending message: earlyAccess
[2026-01-23 19:57:51.885] [info]  (settings)     Updating release category beta
[2026-01-23 19:57:51.889] [info]  (preload)      Sending message: earlyAccess
[2026-01-23 19:57:51.893] [info]  (settings)     Updating release category beta
[2026-01-23 19:57:51.896] [info]  (preload)      Sending message: earlyAccess
[2026-01-23 19:57:51.899] [info]  (settings)     Updating release category beta
[2026-01-23 19:57:51.902] [info]  (preload)      Sending message: earlyAccess
[2026-01-23 19:57:51.905] [info]  (settings)     Updating release category beta
[2026-01-23 19:57:51.909] [info]  (preload)      Sending message: earlyAccess
[2026-01-23 19:57:51.913] [info]  (settings)     Updating release category beta
[2026-01-23 19:57:51.917] [info]  (preload)      Sending message: earlyAccess
[2026-01-23 19:57:51.920] [info]  (settings)     Updating release category beta
[2026-01-23 19:57:51.924] [info]  (preload)      Sending message: earlyAccess
[2026-01-23 19:57:51.928] [info]  (settings)     Updating release category beta
[2026-01-23 19:57:51.932] [info]  (preload)      Sending message: earlyAccess
[2026-01-23 19:57:51.937] [info]  (settings)     Updating release category beta
[2026-01-23 19:57:51.941] [info]  (preload)      Sending message: earlyAccess
[2026-01-23 19:57:51.946] [info]  (settings)     Updating release category beta
[2026-01-23 19:57:51.949] [info]  (preload)      Sending message: earlyAccess
[2026-01-23 19:57:51.953] [info]  (settings)     Updating release category beta
[2026-01-23 19:57:51.956] [info]  (preload)      Sending message: earlyAccess
[2026-01-23 19:57:51.959] [info]  (settings)     Updating release category beta
[2026-01-23 19:57:51.962] [info]  (preload)      Sending message: earlyAccess
[2026-01-23 19:57:51.966] [info]  (settings)     Updating release category beta
[2026-01-23 19:57:51.969] [info]  (preload)      Sending message: earlyAccess
[2026-01-23 19:57:51.972] [info]  (settings)     Updating release category beta
[2026-01-23 19:57:51.974] [info]  (preload)      Sending message: earlyAccess
[2026-01-23 19:57:51.978] [info]  (settings)     Updating release category beta
[2026-01-23 19:57:51.980] [info]  (preload)      Sending message: earlyAccess
[2026-01-23 19:57:51.984] [info]  (settings)     Updating release category beta
[2026-01-23 19:57:51.987] [info]  (preload)      Sending message: earlyAccess
[2026-01-23 19:57:51.990] [info]  (settings)     Updating release category beta
[2026-01-23 19:57:51.992] [info]  (preload)      Sending message: earlyAccess
[2026-01-23 19:57:51.995] [info]  (settings)     Updating release category beta
[2026-01-23 19:57:51.998] [info]  (preload)      Sending message: earlyAccess
[2026-01-23 19:57:52.002] [info]  (settings)     Updating release category beta
[2026-01-23 19:57:52.006] [info]  (preload)      Sending message: earlyAccess
[2026-01-23 19:57:52.010] [info]  (settings)     Updating release category beta
[2026-01-23 19:57:52.012] [info]  (preload)      Sending message: earlyAccess
[2026-01-23 19:57:52.017] [info]  (settings)     Updating release category beta
[2026-01-23 19:57:52.022] [info]  (preload)      Sending message: earlyAccess
[2026-01-23 19:57:52.025] [info]  (settings)     Updating release category beta
[2026-01-23 19:57:52.029] [info]  (preload)      Sending message: earlyAccess
[2026-01-23 19:57:52.032] [info]  (settings)     Updating release category beta
[2026-01-23 19:57:52.034] [info]  (preload)      Sending message: earlyAccess
[2026-01-23 19:57:52.038] [info]  (settings)     Updating release category beta
[2026-01-23 19:57:52.041] [info]  (preload)      Sending message: earlyAccess
[2026-01-23 19:57:52.046] [info]  (settings)     Updating release category beta
[2026-01-23 19:57:52.050] [info]  (preload)      Sending message: earlyAccess
[2026-01-23 19:57:52.053] [info]  (settings)     Updating release category beta
[2026-01-23 19:57:52.056] [info]  (preload)      Sending message: earlyAccess
[2026-01-23 19:57:52.061] [info]  (settings)     Updating release category beta
[2026-01-23 19:57:52.064] [info]  (preload)      Sending message: earlyAccess
[2026-01-23 19:57:52.074] [info]  (settings)     Updating release category beta
[2026-01-23 19:57:52.076] [info]  (preload)      Sending message: earlyAccess
[2026-01-23 19:57:52.080] [info]  (settings)     Updating release category beta
[2026-01-23 19:57:52.082] [info]  (preload)      Sending message: earlyAccess
[2026-01-23 19:57:52.086] [info]  (settings)     Updating release category beta
[2026-01-23 19:57:52.089] [info]  (preload)      Sending message: earlyAccess
[2026-01-23 19:57:52.092] [info]  (settings)     Updating release category beta
[2026-01-23 19:57:52.094] [info]  (preload)      Sending message: earlyAccess
[2026-01-23 19:57:52.097] [info]  (settings)     Updating release category beta
[2026-01-23 19:57:52.101] [info]  (preload)      Sending message: earlyAccess
[2026-01-23 19:57:52.104] [info]  (settings)     Updating release category beta
[2026-01-23 19:57:52.107] [info]  (preload)      Sending message: earlyAccess
[2026-01-23 19:57:52.110] [info]  (settings)     Updating release category beta
[2026-01-23 19:57:52.112] [info]  (preload)      Sending message: earlyAccess
[2026-01-23 19:57:52.115] [info]  (settings)     Updating release category beta
[2026-01-23 19:57:52.117] [info]  (preload)      Sending message: earlyAccess
[2026-01-23 19:57:52.120] [info]  (settings)     Updating release category beta
[2026-01-23 19:57:52.122] [info]  (preload)      Sending message: earlyAccess
[2026-01-23 19:57:52.125] [info]  (settings)     Updating release category beta
[2026-01-23 19:57:52.127] [info]  (preload)      Sending message: earlyAccess
[2026-01-23 19:57:52.130] [info]  (settings)     Updating release category beta
[2026-01-23 19:57:52.133] [info]  (preload)      Sending message: earlyAccess
[2026-01-23 19:57:52.136] [info]  (settings)     Updating release category beta
[2026-01-23 19:57:52.139] [info]  (preload)      Sending message: earlyAccess
[2026-01-23 19:57:52.142] [info]  (settings)     Updating release category beta
[2026-01-23 19:57:52.145] [info]  (preload)      Sending message: earlyAccess
[2026-01-23 19:57:52.148] [info]  (settings)     Updating release category beta
[2026-01-23 19:57:52.150] [info]  (preload)      Sending message: earlyAccess
[2026-01-23 19:57:52.154] [info]  (settings)     Updating release category beta
[2026-01-23 19:57:52.163] [info]  (preload)      Sending message: earlyAccess
[2026-01-23 19:57:52.166] [info]  (settings)     Updating release category beta
[2026-01-23 19:57:52.168] [info]  (preload)      Sending message: earlyAccess
[2026-01-23 19:57:52.171] [info]  (settings)     Updating release category beta
[2026-01-23 19:57:52.173] [info]  (preload)      Sending message: earlyAccess
[2026-01-23 19:57:52.176] [info]  (settings)     Updating release category beta
[2026-01-23 19:57:52.179] [info]  (preload)      Sending message: earlyAccess
[2026-01-23 19:57:52.182] [info]  (settings)     Updating release category beta
[2026-01-23 19:57:52.184] [info]  (preload)      Sending message: earlyAccess
[2026-01-23 19:57:52.187] [info]  (settings)     Updating release category beta
[2026-01-23 19:57:52.189] [info]  (preload)      Sending message: earlyAccess
[2026-01-23 19:57:52.192] [info]  (settings)     Updating release category beta
[2026-01-23 19:57:52.195] [info]  (preload)      Sending message: earlyAccess
[2026-01-23 19:57:52.198] [info]  (settings)     Updating release category beta
[2026-01-23 19:57:56.188] [info]  (preload)      Sending message: updateNotification
[2026-01-23 19:57:56.193] [info]  (ipc)          Update badge value 11729
[2026-01-23 19:57:56.497] [info]  (account)      did-navigate-in-page https://account.proton.me/u/0/mail/referral
[2026-01-23 19:57:58.597] [info]  (account)      did-navigate-in-page https://account.proton.me/u/0/mail/easy-switch
[2026-01-23 19:57:58.944] [debug] (main)         request-load-time average: 147ms deviation: 72ms max: 211ms count: 22
[2026-01-23 19:58:19.043] [debug] (flag-manager) Checking flags
[2026-01-23 19:58:19.059] [debug] (flag-manager) Feature flags saved to cache
[2026-01-23 19:59:19.043] [debug] (flag-manager) Checking flags
[2026-01-23 19:59:19.059] [debug] (flag-manager) Feature flags saved to cache
[2026-01-23 20:00:19.036] [debug] (main)         Trigger heartbeat
[2026-01-23 20:00:19.044] [debug] (flag-manager) Checking flags
[2026-01-23 20:00:19.074] [debug] (flag-manager) Feature flags saved to cache
[2026-01-23 20:01:19.045] [debug] (flag-manager) Checking flags
[2026-01-23 20:01:19.061] [debug] (flag-manager) Feature flags saved to cache
[2026-01-23 20:02:19.046] [debug] (flag-manager) Checking flags
[2026-01-23 20:02:19.061] [debug] (flag-manager) Feature flags saved to cache
[2026-01-23 20:03:19.046] [debug] (flag-manager) Checking flags
[2026-01-23 20:03:19.061] [debug] (flag-manager) Feature flags saved to cache
[2026-01-23 20:04:19.047] [debug] (flag-manager) Checking flags
[2026-01-23 20:04:19.063] [debug] (flag-manager) Feature flags saved to cache
[2026-01-23 20:05:19.036] [debug] (main)         Trigger heartbeat
[2026-01-23 20:05:19.046] [debug] (flag-manager) Checking flags
[2026-01-23 20:05:19.061] [debug] (flag-manager) Feature flags saved to cache
[2026-01-23 20:06:19.046] [debug] (flag-manager) Checking flags
[2026-01-23 20:06:19.062] [debug] (flag-manager) Feature flags saved to cache
[2026-01-23 20:07:19.047] [debug] (flag-manager) Checking flags
[2026-01-23 20:07:19.063] [debug] (flag-manager) Feature flags saved to cache
[2026-01-23 20:07:51.631] [info]  (main)         update window bounds {"x":8,"y":58,"width":1424,"height":1241,"maximized":false,"zoom":1}
[2026-01-23 20:08:19.046] [debug] (flag-manager) Checking flags
[2026-01-23 20:08:19.055] [debug] (flag-manager) Feature flags saved to cache
[2026-01-23 20:09:19.046] [debug] (flag-manager) Checking flags
[2026-01-23 20:09:19.062] [debug] (flag-manager) Feature flags saved to cache
[2026-01-23 20:10:19.037] [debug] (main)         Trigger heartbeat
[2026-01-23 20:10:19.046] [debug] (flag-manager) Checking flags
[2026-01-23 20:10:19.061] [debug] (flag-manager) Feature flags saved to cache
[2026-01-23 20:11:19.047] [debug] (flag-manager) Checking flags
[2026-01-23 20:11:19.062] [debug] (flag-manager) Feature flags saved to cache
[2026-01-23 20:12:19.047] [debug] (flag-manager) Checking flags
[2026-01-23 20:12:19.059] [debug] (flag-manager) Feature flags saved to cache
[2026-01-23 20:13:19.047] [debug] (flag-manager) Checking flags
[2026-01-23 20:13:19.062] [debug] (flag-manager) Feature flags saved to cache
[2026-01-23 20:14:19.047] [debug] (flag-manager) Checking flags
[2026-01-23 20:14:19.061] [debug] (flag-manager) Feature flags saved to cache
[2026-01-23 20:15:19.037] [debug] (main)         Trigger heartbeat
[2026-01-23 20:15:19.047] [debug] (flag-manager) Checking flags
[2026-01-23 20:15:19.062] [debug] (flag-manager) Feature flags saved to cache
[2026-01-23 20:16:19.046] [debug] (flag-manager) Checking flags
[2026-01-23 20:16:19.061] [debug] (flag-manager) Feature flags saved to cache
[2026-01-23 20:17:19.046] [debug] (flag-manager) Checking flags
[2026-01-23 20:17:19.062] [debug] (flag-manager) Feature flags saved to cache
[2026-01-23 20:18:19.046] [debug] (flag-manager) Checking flags
[2026-01-23 20:18:19.061] [debug] (flag-manager) Feature flags saved to cache
[2026-01-23 20:19:19.047] [debug] (flag-manager) Checking flags
[2026-01-23 20:19:19.061] [debug] (flag-manager) Feature flags saved to cache
[2026-01-23 20:20:19.037] [debug] (main)         Trigger heartbeat
[2026-01-23 20:20:19.047] [debug] (flag-manager) Checking flags
[2026-01-23 20:20:19.059] [debug] (flag-manager) Feature flags saved to cache
[2026-01-23 20:21:19.046] [debug] (flag-manager) Checking flags
[2026-01-23 20:21:19.061] [debug] (flag-manager) Feature flags saved to cache
[2026-01-23 20:22:19.047] [debug] (flag-manager) Checking flags
[2026-01-23 20:22:19.062] [debug] (flag-manager) Feature flags saved to cache
[2026-01-23 20:23:19.047] [debug] (flag-manager) Checking flags
[2026-01-23 20:23:19.062] [debug] (flag-manager) Feature flags saved to cache
[2026-01-23 20:24:19.046] [debug] (flag-manager) Checking flags
[2026-01-23 20:24:19.060] [debug] (flag-manager) Feature flags saved to cache
[2026-01-23 20:25:19.038] [debug] (main)         Trigger heartbeat
[2026-01-23 20:25:19.046] [debug] (flag-manager) Checking flags
[2026-01-23 20:25:19.060] [debug] (flag-manager) Feature flags saved to cache
[2026-01-23 20:26:19.046] [debug] (flag-manager) Checking flags
[2026-01-23 20:26:19.062] [debug] (flag-manager) Feature flags saved to cache
[2026-01-23 20:27:19.047] [debug] (flag-manager) Checking flags
[2026-01-23 20:27:19.062] [debug] (flag-manager) Feature flags saved to cache
[2026-01-23 20:28:19.047] [debug] (flag-manager) Checking flags
[2026-01-23 20:28:19.065] [debug] (flag-manager) Feature flags saved to cache
[2026-01-23 20:29:19.048] [debug] (flag-manager) Checking flags
[2026-01-23 20:29:19.064] [debug] (flag-manager) Feature flags saved to cache
[2026-01-23 20:30:19.038] [debug] (main)         Trigger heartbeat
[2026-01-23 20:30:19.048] [debug] (flag-manager) Checking flags
[2026-01-23 20:30:19.063] [debug] (flag-manager) Feature flags saved to cache
[2026-01-23 20:31:19.049] [debug] (flag-manager) Checking flags
[2026-01-23 20:31:19.065] [debug] (flag-manager) Feature flags saved to cache
[2026-01-23 20:32:19.048] [debug] (flag-manager) Checking flags
[2026-01-23 20:32:19.064] [debug] (flag-manager) Feature flags saved to cache
[2026-01-23 20:33:19.049] [debug] (flag-manager) Checking flags
[2026-01-23 20:33:19.065] [debug] (flag-manager) Feature flags saved to cache
[2026-01-23 20:34:19.050] [debug] (flag-manager) Checking flags
[2026-01-23 20:34:19.066] [debug] (flag-manager) Feature flags saved to cache
[2026-01-23 20:35:19.038] [debug] (main)         Trigger heartbeat
[2026-01-23 20:35:19.051] [debug] (flag-manager) Checking flags
[2026-01-23 20:35:19.063] [debug] (flag-manager) Feature flags saved to cache
[2026-01-23 20:36:19.050] [debug] (flag-manager) Checking flags
[2026-01-23 20:36:19.066] [debug] (flag-manager) Feature flags saved to cache
[2026-01-23 20:37:19.051] [debug] (flag-manager) Checking flags
[2026-01-23 20:37:19.066] [debug] (flag-manager) Feature flags saved to cache
[2026-01-23 20:38:19.050] [debug] (flag-manager) Checking flags
[2026-01-23 20:38:19.066] [debug] (flag-manager) Feature flags saved to cache
[2026-01-23 20:39:19.051] [debug] (flag-manager) Checking flags
[2026-01-23 20:39:19.063] [debug] (flag-manager) Feature flags saved to cache
[2026-01-23 20:40:19.039] [debug] (main)         Trigger heartbeat
[2026-01-23 20:40:19.051] [debug] (flag-manager) Checking flags
[2026-01-23 20:40:19.066] [debug] (flag-manager) Feature flags saved to cache
[2026-01-23 20:41:19.051] [debug] (flag-manager) Checking flags
[2026-01-23 20:41:19.065] [debug] (flag-manager) Feature flags saved to cache
[2026-01-23 20:42:19.051] [debug] (flag-manager) Checking flags
[2026-01-23 20:42:19.065] [debug] (flag-manager) Feature flags saved to cache
[2026-01-23 20:43:19.051] [debug] (flag-manager) Checking flags
[2026-01-23 20:43:19.067] [debug] (flag-manager) Feature flags saved to cache
[2026-01-23 20:44:19.052] [debug] (flag-manager) Checking flags
[2026-01-23 20:44:19.066] [debug] (flag-manager) Feature flags saved to cache
[2026-01-23 20:45:19.039] [debug] (main)         Trigger heartbeat
[2026-01-23 20:45:19.052] [debug] (flag-manager) Checking flags
[2026-01-23 20:45:19.067] [debug] (flag-manager) Feature flags saved to cache
[2026-01-23 20:46:19.053] [debug] (flag-manager) Checking flags
[2026-01-23 20:46:19.069] [debug] (flag-manager) Feature flags saved to cache
[2026-01-23 20:47:19.054] [debug] (flag-manager) Checking flags
[2026-01-23 20:47:19.069] [debug] (flag-manager) Feature flags saved to cache
[2026-01-23 20:48:19.054] [debug] (flag-manager) Checking flags
[2026-01-23 20:48:19.070] [debug] (flag-manager) Feature flags saved to cache
[2026-01-23 20:49:19.054] [debug] (flag-manager) Checking flags
[2026-01-23 20:49:19.070] [debug] (flag-manager) Feature flags saved to cache
[2026-01-23 20:50:19.040] [debug] (main)         Trigger heartbeat
[2026-01-23 20:50:19.054] [debug] (flag-manager) Checking flags
[2026-01-23 20:50:19.069] [debug] (flag-manager) Feature flags saved to cache
[2026-01-23 20:51:19.055] [debug] (flag-manager) Checking flags
[2026-01-23 20:51:19.071] [debug] (flag-manager) Feature flags saved to cache
[2026-01-23 20:52:19.056] [debug] (flag-manager) Checking flags
[2026-01-23 20:52:19.072] [debug] (flag-manager) Feature flags saved to cache
[2026-01-23 20:53:19.057] [debug] (flag-manager) Checking flags
[2026-01-23 20:53:19.069] [debug] (flag-manager) Feature flags saved to cache
[2026-01-23 20:54:19.058] [debug] (flag-manager) Checking flags
[2026-01-23 20:54:19.074] [debug] (flag-manager) Feature flags saved to cache
[2026-01-23 20:55:18.977] [info]  (update)       Checking for new valid version.
[2026-01-23 20:55:19.041] [debug] (main)         Trigger heartbeat
[2026-01-23 20:55:19.059] [debug] (flag-manager) Checking flags
[2026-01-23 20:55:19.075] [debug] (flag-manager) Feature flags saved to cache
[2026-01-23 20:55:19.659] [info]  (update)       Skipping update: no newer version available. local: {"Version":"1.12.0","RolloutProportion":0.3203422966256454,"CategoryName":"EarlyAccess"} remote: {"CategoryName":"EarlyAccess","Version":"1.12.0","ReleaseDate":"2026-01-12","File":[{"Identifier":".deb (Ubuntu/Debian)","Url":"https://proton.me/download/mail/linux/1.12.0/ProtonMail-desktop-beta.deb","Sha512CheckSum":"eb24eeee66adc282ad7127a3e90cfd075353188f1a259c54d63ceb1883a6bfd4c5de4931a614836c20fedb18f3be1d972cf69486965e973f7f66d87e0120e28e"},{"Identifier":".rpm (Fedora/RHEL)","Url":"https://proton.me/download/mail/linux/1.12.0/ProtonMail-desktop-beta.rpm","Sha512CheckSum":"4751dac14c5565501788d4b5a27cc082c24d1de5f15e7d8b26c74ec2c3cba98443448504add3287b3aec15c6178ccd6eb86d9f155b6b9a35677430bb0c014652"}],"ReleaseNotes":[],"RolloutProportion":1,"ManualUpdate":["0.9.0"],"MinimumAppVersion":"1.0.0"}
[2026-01-23 20:55:19.662] [info]  (update)       Skipping update: no newer version available. local: {"Version":"1.12.0","RolloutProportion":0.3203422966256454,"CategoryName":"EarlyAccess"} remote: {"CategoryName":"Stable","Version":"1.11.0","ReleaseDate":"2025-11-28","File":[{"Identifier":".deb (Ubuntu/Debian)","Url":"https://proton.me/download/mail/linux/1.11.0/ProtonMail-desktop-beta.deb","Sha512CheckSum":"0f9a8996d1b58ed3e9b2236d610a4a4aae912cec10a39c7e9cd59ee2d0addbba7da931b2691c764f23a44566204c86651e07e3cc1b1730e78dd788dc0cf2c306"},{"Identifier":".rpm (Fedora/RHEL)","Url":"https://proton.me/download/mail/linux/1.11.0/ProtonMail-desktop-beta.rpm","Sha512CheckSum":"8e02ad7e2a02d0bd49a112e93b404154ff16bddcfbac27979d9dfbcf0660a28481f2656ff93d031215dc2a5cdd6fb060abfad8f13cc00a41bb3db4d22ccf7fc8"}],"ReleaseNotes":[],"RolloutProportion":1,"ManualUpdate":["0.9.0"],"MinimumAppVersion":"1.0.0"}
[2026-01-23 20:55:19.664] [info]  (update)       Skipping update: no newer version available. local: {"Version":"1.12.0","RolloutProportion":0.3203422966256454,"CategoryName":"EarlyAccess"} remote: {"CategoryName":"Stable","Version":"1.10.1","ReleaseDate":"2025-11-07","File":[{"Identifier":".deb (Ubuntu/Debian)","Url":"https://proton.me/download/mail/linux/1.10.1/ProtonMail-desktop-beta.deb","Sha512CheckSum":"405ad9659153fdd5c426b4601a1f20138e5f4eacdf58524a2cefc0612d89fefd37265457bdef6b7da7bb223d7c17124e100703857c985b792d2528a7916f18a1"},{"Identifier":".rpm (Fedora/RHEL)","Url":"https://proton.me/download/mail/linux/1.10.1/ProtonMail-desktop-beta.rpm","Sha512CheckSum":"863ea787f9e2a1acf50a7264d550c404fe86395f23323e50461f9db4e92103dce234a6902441b587ef1c59071387920afa1a1063fc691e7468420d3360856c52"}],"ReleaseNotes":[],"RolloutProportion":1,"ManualUpdate":["0.9.0"]}
[2026-01-23 20:55:19.666] [info]  (update)       Skipping update: no newer version available. local: {"Version":"1.12.0","RolloutProportion":0.3203422966256454,"CategoryName":"EarlyAccess"} remote: {"CategoryName":"Stable","Version":"1.9.1","ReleaseDate":"2025-09-24","File":[{"Identifier":".deb (Ubuntu/Debian)","Url":"https://proton.me/download/mail/linux/1.9.1/ProtonMail-desktop-beta.deb","Sha512CheckSum":"8f78db0707e3f1f0cd8ad259891840f88027c56b347c7526e8283576a997cef543c8014569aaf774f444e0d714bcd6e54a5c48171553384368c38cec4cf94e5b"},{"Identifier":".rpm (Fedora/RHEL)","Url":"https://proton.me/download/mail/linux/1.9.1/ProtonMail-desktop-beta.rpm","Sha512CheckSum":"3733868fe4d9b704bfe232589c0e7959cf1d9b2ed2a715785a3f858201bb896aa7d20ac2823f1060b85f2eaed833778b3b1458f872bebd48e85f8b2375a90af4"}],"ReleaseNotes":[],"RolloutProportion":1,"ManualUpdate":["0.9.0"]}
[2026-01-23 20:55:19.667] [info]  (update)       Skipping update: no newer version available. local: {"Version":"1.12.0","RolloutProportion":0.3203422966256454,"CategoryName":"EarlyAccess"} remote: {"CategoryName":"Stable","Version":"1.9.0","ReleaseDate":"2025-08-05","File":[{"Identifier":".deb (Ubuntu/Debian)","Url":"https://proton.me/download/mail/linux/1.9.0/ProtonMail-desktop-beta.deb","Sha512CheckSum":"b43abcf864e6296d112231cf262c8c4cac82f4b1c54cb5ba06ebb63bf032a150fd5d97d4343b9037a9694e86cb2d26d8ed1d7741668a0a3e7e123fa9cc847c75"},{"Identifier":".rpm (Fedora/RHEL)","Url":"https://proton.me/download/mail/linux/1.9.0/ProtonMail-desktop-beta.rpm","Sha512CheckSum":"760d3b6aafbd314d1256e8bed9da345fe4aab89ba6cf996b9fa547d607031d26dd7d389ed30af922ce9a3951236f19ec35a837df25ee43bd54f6e1670010b5c3"}],"ReleaseNotes":[],"RolloutProportion":0.1,"ManualUpdate":["0.9.0"]}
[2026-01-23 20:55:19.669] [info]  (update)       Skipping update: no newer version available. local: {"Version":"1.12.0","RolloutProportion":0.3203422966256454,"CategoryName":"EarlyAccess"} remote: {"CategoryName":"Stable","Version":"1.8.1","ReleaseDate":"2025-07-17","File":[{"Identifier":".deb (Ubuntu/Debian)","Url":"https://proton.me/download/mail/linux/1.8.1/ProtonMail-desktop-beta.deb","Sha512CheckSum":"31635456313c2fb4d41172eeaffe779484cb690fcd70cab56ded52064017bef227ea25ed98d9fc7f602200b97b04532b344c35081dfb3a847720f510101b8939"},{"Identifier":".rpm (Fedora/RHEL)","Url":"https://proton.me/download/mail/linux/1.8.1/ProtonMail-desktop-beta.rpm","Sha512CheckSum":"674f79bf272debd27e8aa7d6c7dcc4891d8bbdeb911462b9f63939e0571e681341d017561ed4f22b02d1c73c29bcda5c9c59293802e858cbea7423f2038f580a"}],"ReleaseNotes":[],"RolloutProportion":1,"ManualUpdate":["0.9.0"]}
[2026-01-23 20:55:19.670] [info]  (update)       Skipping update: no newer version available. local: {"Version":"1.12.0","RolloutProportion":0.3203422966256454,"CategoryName":"EarlyAccess"} remote: {"CategoryName":"Stable","Version":"1.8.0","ReleaseDate":"2025-03-06","File":[{"Identifier":".deb (Ubuntu/Debian)","Url":"https://proton.me/download/mail/linux/1.8.0/ProtonMail-desktop-beta.deb","Sha512CheckSum":"3267112cc06dc001ac59531abd84bd89a0c44ff0314ad53db2f5eb32de8f2f482ab02241a20682c08ace6cb65c13a74bb12cb77777889e240c3ed6bc64055112"},{"Identifier":".rpm (Fedore/RHEL)","Url":"https://proton.me/download/mail/linux/1.8.0/ProtonMail-desktop-beta.rpm","Sha512CheckSum":"dc869195ccdc23aec3420e042a926151da3dd3c57e3b357665335d3c8c30f14617b69c0020ea040111d04c77e59b2cd4961256882955de44403c4e06a2b0b894"}],"ReleaseNotes":[],"RolloutProportion":1,"ManualUpdate":["0.9.0"]}
[2026-01-23 20:55:19.671] [info]  (update)       Skipping update: no newer version available. local: {"Version":"1.12.0","RolloutProportion":0.3203422966256454,"CategoryName":"EarlyAccess"} remote: {"CategoryName":"Stable","Version":"1.7.1","ReleaseDate":"2025-02-27","File":[{"Identifier":".deb (Ubuntu/Debian)","Url":"https://proton.me/download/mail/linux/1.7.1/ProtonMail-desktop-beta.deb","Sha512CheckSum":"42051de5e8045c190752f248fa84263f594b0e9a4e553f8c1ac989a513d2ad521c46632de424f0bbebce1ecd9bbb7c136c3da40bd8feae1819957e5c463616fb"},{"Identifier":".rpm (Fedore/RHEL)","Url":"https://proton.me/download/mail/linux/1.7.1/ProtonMail-desktop-beta.rpm","Sha512CheckSum":"49f26a2964af98287e38c69ae43ebd5e832b34098d853cc13f8f68c372f755a3210141d3230a8b4a6406447898a5a17f3c832f37bdd9ad3f9ef4171862b08bfe"}],"ReleaseNotes":[],"RolloutProportion":1,"ManualUpdate":["0.9.0"]}
[2026-01-23 20:55:19.671] [info]  (update)       Skipping update: no newer version available. local: {"Version":"1.12.0","RolloutProportion":0.3203422966256454,"CategoryName":"EarlyAccess"} remote: {"CategoryName":"Stable","Version":"1.6.1","ReleaseDate":"2024-12-12","File":[{"Identifier":".deb (Ubuntu/Debian)","Url":"https://proton.me/download/mail/linux/1.6.1/ProtonMail-desktop-beta.deb","Sha512CheckSum":"fde65a33be182907cc104a5875f2ed2a2fee9621f35d36208ff8e13f7a0118d4a3cdf430308880613096e4e21461a559cd9433f566360eb0f565e14cacf18bc5"},{"Identifier":".rpm (Fedore/RHEL)","Url":"https://proton.me/download/mail/linux/1.6.1/ProtonMail-desktop-beta.rpm","Sha512CheckSum":"8ed5b419dd4f6c3a3a275bffb77a8847cd3c049bdcfc18878b982223fd484ddfa242972cc6a73fb72bbddb08874d8a15d0c16bd63a9e121c724eedf052288fbb"}],"ReleaseNotes":[],"RolloutProportion":1,"ManualUpdate":["0.9.0"]}
[2026-01-23 20:55:19.672] [info]  (update)       Skipping update: no newer version available. local: {"Version":"1.12.0","RolloutProportion":0.3203422966256454,"CategoryName":"EarlyAccess"} remote: {"CategoryName":"Stable","Version":"1.6.0","ReleaseDate":"2024-12-06","File":[{"Identifier":".deb (Ubuntu/Debian)","Url":"https://proton.me/download/mail/linux/1.6.0/ProtonMail-desktop-beta.deb","Sha512CheckSum":"7a7b2e93b29c1c9f3ddc44bf7b078b6260c79d981a557581f11bb2677a8317264dcb2e664cb7e4a4d9259872cf6bae5d60b94f9ae6ce3655b9be40b03f78155e"},{"Identifier":".rpm (Fedore/RHEL)","Url":"https://proton.me/download/mail/linux/1.6.0/ProtonMail-desktop-beta.rpm","Sha512CheckSum":"16a37459e008c5cdb8a325fd76b353fc85123a4880ab06e4f44982b48dbdf753e392e06b282cf114f24a840ec3d54e4b86290a27600b311f8e12c92c7bd1226e"}],"ReleaseNotes":[],"RolloutProportion":1,"ManualUpdate":["0.9.0"]}
[2026-01-23 20:55:19.673] [info]  (update)       Skipping update: no newer version available. local: {"Version":"1.12.0","RolloutProportion":0.3203422966256454,"CategoryName":"EarlyAccess"} remote: {"CategoryName":"Stable","Version":"1.5.1","ReleaseDate":"2024-11-27","File":[{"Identifier":".deb (Ubuntu/Debian)","Url":"https://proton.me/download/mail/linux/1.5.1/ProtonMail-desktop-beta.deb","Sha512CheckSum":"c0d60eb309170aedcc772e10ca4de73cc6fb057eaf510cc5cba996260bcdd57fd7db8f503fc2b77b40c93a411cc19848727554381a9520470a0d5119c267d6da"},{"Identifier":".rpm (Fedore/RHEL)","Url":"https://proton.me/download/mail/linux/1.5.1/ProtonMail-desktop-beta.rpm","Sha512CheckSum":"546d64484e5b06a551da88540c4ddf73a9b19f8fe88dc72ddc779e23b6094ca571593d81ebcdfc5228e3f426832f870301f48af2db6ee774bc681441a27ea651"}],"ReleaseNotes":[],"RolloutProportion":1,"ManualUpdate":["0.9.0"]}
[2026-01-23 20:55:19.674] [info]  (update)       Skipping update: no newer version available. local: {"Version":"1.12.0","RolloutProportion":0.3203422966256454,"CategoryName":"EarlyAccess"} remote: {"CategoryName":"Stable","Version":"1.4.0","ReleaseDate":"2024-11-20","File":[{"Identifier":".deb (Ubuntu/Debian)","Url":"https://proton.me/download/mail/linux/1.4.0/ProtonMail-desktop-beta.deb","Sha512CheckSum":"4e1777fd84c70e63bfb5330bc5d13bfe56d07d0544ec426d8a6d037b80568b41ec7c7055f43634e09d3bf9c3212fc7ccd730703e51c065643c2c4ceb1ad6b582"},{"Identifier":".rpm (Fedore/RHEL)","Url":"https://proton.me/download/mail/linux/1.4.0/ProtonMail-desktop-beta.rpm","Sha512CheckSum":"847f564a1c292957175b4b9f114438e2f9edf2ee9f9c7a22121375797926c9372f5b1e4e13ff01b202fd4d09f1f7c25512da2b5c2f6a4a6ac3a8777ac83f78a8"}],"ReleaseNotes":[],"RolloutProportion":1,"ManualUpdate":["0.9.0"]}
[2026-01-23 20:55:19.675] [info]  (update)       Skipping update: no newer version available. local: {"Version":"1.12.0","RolloutProportion":0.3203422966256454,"CategoryName":"EarlyAccess"} remote: {"CategoryName":"Stable","Version":"1.3.2","ReleaseDate":"2024-11-12","File":[{"Identifier":".deb (Ubuntu/Debian)","Url":"https://proton.me/download/mail/linux/1.3.2/ProtonMail-desktop-beta.deb","Sha512CheckSum":"d978d748f4b3b3e08fb6e962c110dd66868fddfc657c96018c1c808b7d00c4aa01430d7266ee7a966b8fe71322f2914bff179e9258b477a5d56cc5be01d738ad"},{"Identifier":".rpm (Fedore/RHEL)","Url":"https://proton.me/download/mail/linux/1.3.2/ProtonMail-desktop-beta.rpm","Sha512CheckSum":"10cf5ea806b8398312dc2a0a6eb218c5262d4c2c5555503feb094ff2d838270e01eb5862729a709fb86cfcc33bff17447119dd0c534cf697aa179fb8e4d05ac1"}],"ReleaseNotes":[],"RolloutProportion":1,"ManualUpdate":["0.9.0"]}
[2026-01-23 20:55:19.675] [info]  (update)       Skipping update: no newer version available. local: {"Version":"1.12.0","RolloutProportion":0.3203422966256454,"CategoryName":"EarlyAccess"} remote: {"CategoryName":"Stable","Version":"1.2.4","ReleaseDate":"2024-10-02","File":[{"Identifier":".deb (Ubuntu/Debian)","Url":"https://proton.me/download/mail/linux/1.2.4/ProtonMail-desktop-beta.deb","Sha512CheckSum":"a439906d06d6b46505bae017d3152ae2341e3c0ef3588037323484b29238f6be282af4c0da1779142c10b1a210bbd0480e35e15b0b754e9b7868bba6d00e6d0a"},{"Identifier":".rpm (Fedore/RHEL)","Url":"https://proton.me/download/mail/linux/1.2.4/ProtonMail-desktop-beta.rpm","Sha512CheckSum":"1e63ea89ecb3ddcf535eb0f25c0e53bb5d9aaf5d38535785a97143091544f3aac2a42d4f7556516d7c03457edcfe26556b4f65a98355032799d43a314bc80628"}],"ReleaseNotes":[],"RolloutProportion":1,"ManualUpdate":["0.9.0"]}
[2026-01-23 20:55:19.676] [info]  (update)       Skipping update: no newer version available. local: {"Version":"1.12.0","RolloutProportion":0.3203422966256454,"CategoryName":"EarlyAccess"} remote: {"CategoryName":"Stable","Version":"1.1.2","ReleaseDate":"2024-09-17","File":[{"Identifier":".deb (Ubuntu/Debian)","Url":"https://proton.me/download/mail/linux/1.1.2/ProtonMail-desktop-beta.deb","Sha512CheckSum":"ce5568970c64da64a4bfe8cd88c2c42dc2edf7d1d502e0c0150eb9cd64ebad6faf3b5269ed942a7a64c398006fda738b55656e9a69aa7a6b15233d9b497a11d2"},{"Identifier":".rpm (Fedore/RHEL)","Url":"https://proton.me/download/mail/linux/1.1.2/ProtonMail-desktop-beta.rpm","Sha512CheckSum":"36e0484ecf6f10a33f21d4333c6472d18ede15f3d5d5fab8afc4ce9d84d48226a930056c1fee1ce069523c4a6b1c9f2496bc1fa1d2538e05a8577a098e6185e6"}],"ReleaseNotes":[],"RolloutProportion":1,"ManualUpdate":["0.9.0"]}
[2026-01-23 20:55:19.676] [info]  (update)       Skipping update: no newer version available. local: {"Version":"1.12.0","RolloutProportion":0.3203422966256454,"CategoryName":"EarlyAccess"} remote: {"CategoryName":"EarlyAccess","Version":"1.1.1","ReleaseDate":"2024-09-05","File":[{"Identifier":".deb (Ubuntu/Debian)","Url":"https://proton.me/download/mail/linux/1.1.1/ProtonMail-desktop-beta.deb","Sha512CheckSum":"1a98968a675ddebdf54e19680108f36920dfbbe291a1f6cd2182fd30064b2a741022884143a36f99c8a5c1f0643faaf0cfc412b1f26f6ef51f15bec5267366ef"},{"Identifier":".rpm (Fedore/RHEL)","Url":"https://proton.me/download/mail/linux/1.1.1/ProtonMail-desktop-beta.rpm","Sha512CheckSum":"3696a9eee14f4665e37ade0318e3ee97993a6bd838c985398ba060bafe5cd8a4a22ab1f40e5b76d56868de9b6509662008737a9bbc84add5876fce0e7d058a13"}],"ReleaseNotes":[],"RolloutProportion":1,"ManualUpdate":["0.9.0"]}
[2026-01-23 20:55:19.677] [info]  (update)       Skipping update: no newer version available. local: {"Version":"1.12.0","RolloutProportion":0.3203422966256454,"CategoryName":"EarlyAccess"} remote: {"CategoryName":"Stable","Version":"1.1.0","ReleaseDate":"2024-09-03","File":[{"Identifier":".deb (Ubuntu/Debian)","Url":"https://proton.me/download/mail/linux/1.1.0/ProtonMail-desktop-beta.deb","Sha512CheckSum":"efa5fca38fc76cbd13ae2b153c1eff9d233b62be5b4ccec5647cff57c055a1975176219255eebe3f0e8cc1df3933cbd807aa41c99e3ba24e35ce24d6145d2953"},{"Identifier":".rpm (Fedore/RHEL)","Url":"https://proton.me/download/mail/linux/1.1.0/ProtonMail-desktop-beta.rpm","Sha512CheckSum":"c7871b1a1421ccb2a5ce808196f9ed996af9a408066b8d8d79f3852f29e4c0a0063ce89a86d5b9683fea38392bb94eed1ddac73ce4b2bbd6d7f799b1894e82b4"}],"ReleaseNotes":[],"RolloutProportion":1,"ManualUpdate":["0.9.0"]}
[2026-01-23 20:55:19.677] [info]  (update)       Skipping update: no newer version available. local: {"Version":"1.12.0","RolloutProportion":0.3203422966256454,"CategoryName":"EarlyAccess"} remote: {"CategoryName":"Stable","Version":"1.0.6","ReleaseDate":"2024-08-01","File":[{"Identifier":".deb (Ubuntu/Debian)","Url":"https://proton.me/download/mail/linux/ProtonMail-desktop-beta.deb","Sha512CheckSum":"fb51c0cd2124188ec40ba38c863933905a26a7457e8738048865ed4a43feb6afb30df8f20924eccfaca9e69e17f0b63960fc2e986edaaf714906d56534b8b462"},{"Identifier":".rpm (Fedore/RHEL)","Url":"https://proton.me/download/mail/linux/ProtonMail-desktop-beta.rpm","Sha512CheckSum":"ac294dabfd3150c26acf46d9988942778076191d4b1b100798de06d6fbaececa87083d72c6e717259969250a711ef7559e20cb6d862b890244cc34d917b86e6e"}],"ReleaseNotes":[],"RolloutProportion":1,"ManualUpdate":["0.9.0"]}
[2026-01-23 20:55:19.678] [info]  (update)       Skipping update: no newer version available. local: {"Version":"1.12.0","RolloutProportion":0.3203422966256454,"CategoryName":"EarlyAccess"} remote: {"CategoryName":"Stable","Version":"1.0.5","ReleaseDate":"2024-07-09","File":[{"Identifier":".deb (Ubuntu/Debian)","Url":"https://proton.me/download/mail/linux/ProtonMail-desktop-beta.deb","Sha512CheckSum":"108e434004b323d63f3240f86f8c6e13d0e42d09a59846a8d04b44914927985e93e68ca11ca110581186fc663b28e5eec6d3b49751c0eca9e04f0dea3cf753b3"},{"Identifier":".rpm (Fedore/RHEL)","Url":"https://proton.me/download/mail/linux/ProtonMail-desktop-beta.rpm","Sha512CheckSum":"00a2742aa487b3b08ab15502895b967272d6096ccc442087cb8d4be11b6842fac5856746ad2dfe45f99f229fbfa3d59b2b8c105e61ed86f8d75e80d160527212"}],"ReleaseNotes":[],"RolloutProportion":1,"ManualUpdate":["0.9.0"]}
[2026-01-23 20:55:19.678] [info]  (update)       Skipping update: no newer version available. local: {"Version":"1.12.0","RolloutProportion":0.3203422966256454,"CategoryName":"EarlyAccess"} remote: {"CategoryName":"EarlyAccess","Version":"1.0.4","ReleaseDate":"2024-06-25","File":[{"Identifier":".deb (Ubuntu/Debian)","Url":"https://proton.me/download/mail/linux/ProtonMail-desktop-beta.deb","Sha512CheckSum":"abe0e2248dc9d79af17feb1daa9c7ce5d2c772f7a93673ec2b8f38bbc73bca0c4362378eeec2b161b37c6381c13395845634d50870b1e8165a4cb9770d7859c4"},{"Identifier":".rpm (Fedora/RHEL)","Url":"https://proton.me/download/mail/linux/ProtonMail-desktop-beta.rpm","Sha512CheckSum":"99414228dfd6a7c225bc8fa94cd7ae9cd6350d47da82bc2c375a25bf7d2b3a87cdf47c7345b14c25b91b56f0234b0ad98d784dd5a3f967ff9d358c7435fa93bd"}],"ReleaseNotes":[],"RolloutProportion":1}
[2026-01-23 20:55:19.678] [info]  (update)       Skipping update: no newer version available. local: {"Version":"1.12.0","RolloutProportion":0.3203422966256454,"CategoryName":"EarlyAccess"} remote: {"CategoryName":"EarlyAccess","Version":"1.0.3","ReleaseDate":"2024-05-28","File":[{"Identifier":".deb (Ubuntu/Debian)","Url":"https://proton.me/download/mail/linux/ProtonMail-desktop-beta.deb","Sha512CheckSum":"8d23105dc8aa0d3320b113937ad94f057b040a603cc6353a266b3e563a6cefa1a9368e8dec53c377417d6f79fd325375d338dd8dd8506a2b0526658f6981668b"},{"Identifier":".rpm (Fedora/RHEL)","Url":"https://proton.me/download/mail/linux/ProtonMail-desktop-beta.rpm","Sha512CheckSum":"c6b8a68545d8a7814953f6e343b362512faaa789cd46b95c4ffecf0f83444ba5b79104e33242a10d3836f6c6fe7d338e9e8e8f6113c0bcbe2a6027da58ea857c"}],"ReleaseNotes":[],"RolloutProportion":1}
[2026-01-23 20:55:19.679] [info]  (update)       Skipping update: no newer version available. local: {"Version":"1.12.0","RolloutProportion":0.3203422966256454,"CategoryName":"EarlyAccess"} remote: {"CategoryName":"EarlyAccess","Version":"1.0.2","ReleaseDate":"2024-05-10","File":[{"Identifier":".deb (Ubuntu/Debian)","Url":"https://proton.me/download/mail/linux/ProtonMail-desktop-beta.deb","Sha512CheckSum":"eaf1fcd37619da321d1aeab509df3ffa238ca9a22bddfb540358315e3c1f01a45d7a9f03194e732b25b9aabbdfb95f342142d440612157c00f285c8cd5db46e9"},{"Identifier":".rpm (Fedora/RHEL)","Url":"https://proton.me/download/mail/linux/ProtonMail-desktop-beta.rpm","Sha512CheckSum":"5fcd824913ead17e9040a9212c84df5badca1600ae38d8e3245ccdafe062bc68d7be703b2339a0ff5eda33f355b578808ac2e881918433bfa9323556ab00d558"}],"ReleaseNotes":[],"RolloutProportion":1}
[2026-01-23 20:55:19.679] [info]  (update)       Skipping update: no newer version available. local: {"Version":"1.12.0","RolloutProportion":0.3203422966256454,"CategoryName":"EarlyAccess"} remote: {"CategoryName":"EarlyAccess","Version":"1.0.1","ReleaseDate":"2024-03-21","File":[{"Identifier":".deb (Ubuntu/Debian)","Url":"https://proton.me/download/mail/linux/ProtonMail-desktop-beta.deb","Sha512CheckSum":"cc772a801ba6086ace8b313215c46352a88aea6627287b5219ae2963fde1d5d434f8d6ac9fd469a971693ec0d0813b387de8c94af021f41bad993d145937f293"},{"Identifier":".rpm (Fedora/RHEL)","Url":"https://proton.me/download/mail/linux/ProtonMail-desktop-beta.rpm","Sha512CheckSum":"de38e6f11b91ab3ff5e987fe6b14d430a8911ec45b94ed7f95b758cb3d542b73cc0551142e4f94950209fa445bc8fdfd9ac3d13d50aafc183be829a0c01298e2"}],"ReleaseNotes":[],"RolloutProportion":1}
[2026-01-23 20:55:19.680] [info]  (update)       Skipping update: no newer version available. local: {"Version":"1.12.0","RolloutProportion":0.3203422966256454,"CategoryName":"EarlyAccess"} remote: {"CategoryName":"EarlyAccess","Version":"1.0.0","ReleaseDate":"2024-03-14","File":[{"Identifier":".deb (Ubuntu/Debian)","Url":"https://proton.me/download/mail/linux/ProtonMail-desktop-beta.deb","Sha512CheckSum":"09e42e7980eb4a2ed335ffefd3812f4016c3edb5693dff263413cf406c465f4e1a1b313b5516e08142fcf06294f14aaba1764691ccb54615f36cf683a228f826"},{"Identifier":".rpm (Fedora/RHEL)","Url":"https://proton.me/download/mail/linux/ProtonMail-desktop-beta.rpm","Sha512CheckSum":"6a0316239f8680200cde7d0ed40110330a2280ba07587424ef0de339b346b3d5460af8800cb6b36117d71d6f0b08f352c6295405090a31b25a5d5452c70d7d6e"}],"ReleaseNotes":[],"RolloutProportion":1}
[2026-01-23 20:56:19.059] [debug] (flag-manager) Checking flags
[2026-01-23 20:56:19.075] [debug] (flag-manager) Feature flags saved to cache
[2026-01-23 20:57:19.060] [debug] (flag-manager) Checking flags
[2026-01-23 20:57:19.075] [debug] (flag-manager) Feature flags saved to cache
[2026-01-23 20:58:19.060] [debug] (flag-manager) Checking flags
[2026-01-23 20:58:19.077] [debug] (flag-manager) Feature flags saved to cache
[2026-01-23 20:59:19.061] [debug] (flag-manager) Checking flags
[2026-01-23 20:59:19.077] [debug] (flag-manager) Feature flags saved to cache
[2026-01-23 21:00:19.041] [debug] (main)         Trigger heartbeat
[2026-01-23 21:00:19.061] [debug] (flag-manager) Checking flags
[2026-01-23 21:00:19.075] [debug] (flag-manager) Feature flags saved to cache
[2026-01-23 21:01:19.060] [debug] (flag-manager) Checking flags
[2026-01-23 21:01:19.077] [debug] (flag-manager) Feature flags saved to cache
[2026-01-23 21:02:19.061] [debug] (flag-manager) Checking flags
[2026-01-23 21:02:19.077] [debug] (flag-manager) Feature flags saved to cache
[2026-01-23 21:03:19.062] [debug] (flag-manager) Checking flags
[2026-01-23 21:03:19.081] [debug] (flag-manager) Feature flags saved to cache
[2026-01-23 21:04:19.062] [debug] (flag-manager) Checking flags
[2026-01-23 21:04:19.078] [debug] (flag-manager) Feature flags saved to cache
[2026-01-23 21:05:19.041] [debug] (main)         Trigger heartbeat
[2026-01-23 21:05:19.063] [debug] (flag-manager) Checking flags
[2026-01-23 21:05:19.078] [debug] (flag-manager) Feature flags saved to cache
[2026-01-23 21:06:19.063] [debug] (flag-manager) Checking flags
[2026-01-23 21:06:19.079] [debug] (flag-manager) Feature flags saved to cache
[2026-01-23 21:07:19.062] [debug] (flag-manager) Checking flags
[2026-01-23 21:07:19.077] [debug] (flag-manager) Feature flags saved to cache
[2026-01-23 21:08:19.063] [debug] (flag-manager) Checking flags
[2026-01-23 21:08:19.079] [debug] (flag-manager) Feature flags saved to cache
[2026-01-23 21:09:19.063] [debug] (flag-manager) Checking flags
[2026-01-23 21:09:19.076] [debug] (flag-manager) Feature flags saved to cache
[2026-01-23 21:10:19.042] [debug] (main)         Trigger heartbeat
[2026-01-23 21:10:19.063] [debug] (flag-manager) Checking flags
[2026-01-23 21:10:19.078] [debug] (flag-manager) Feature flags saved to cache
[2026-01-23 21:11:19.064] [debug] (flag-manager) Checking flags
[2026-01-23 21:11:19.080] [debug] (flag-manager) Feature flags saved to cache
[2026-01-23 21:12:19.064] [debug] (flag-manager) Checking flags
[2026-01-23 21:12:19.082] [debug] (flag-manager) Feature flags saved to cache
[2026-01-23 21:13:19.065] [debug] (flag-manager) Checking flags
[2026-01-23 21:13:19.088] [debug] (flag-manager) Feature flags saved to cache
[2026-01-23 21:14:19.064] [debug] (flag-manager) Checking flags
[2026-01-23 21:14:19.084] [debug] (flag-manager) Feature flags saved to cache
[2026-01-23 21:15:19.042] [debug] (main)         Trigger heartbeat
[2026-01-23 21:15:19.065] [debug] (flag-manager) Checking flags
[2026-01-23 21:15:19.083] [debug] (flag-manager) Feature flags saved to cache
[2026-01-23 21:16:19.066] [debug] (flag-manager) Checking flags
[2026-01-23 21:16:19.083] [debug] (flag-manager) Feature flags saved to cache
[2026-01-23 21:17:19.066] [debug] (flag-manager) Checking flags
[2026-01-23 21:17:19.084] [debug] (flag-manager) Feature flags saved to cache
[2026-01-23 21:18:19.066] [debug] (flag-manager) Checking flags
[2026-01-23 21:18:19.085] [debug] (flag-manager) Feature flags saved to cache
[2026-01-23 21:19:19.067] [debug] (flag-manager) Checking flags
[2026-01-23 21:19:19.082] [debug] (flag-manager) Feature flags saved to cache
[2026-01-23 21:20:03.069] [info]  (main)         close, window not visible on Windows or Linux
[2026-01-23 21:20:03.074] [info]  (main)         All windows closed
